TimeUTC,timestampInMs,requestPath,requestMethod,requestQueryString,responseStatusCode,requestId,requestUserAgent,level,environment,branch,vercelCache,type,function,host,deploymentDomain,deploymentId,durationMs,region,maxMemoryUsed,memorySize,message,projectId,traceId,sessionId,invocationId,instanceId,concurrency
2026-01-19 01:40:31,1768786831112,www.soulprintengine.ai/api/waitlist,POST,,500,zknsp-1768786829499-0b8a8620ddac,"Mozilla/5.0 (Windows NT 10.0; Win64; x64) AppleWebKit/537.36 (KHTML, like Gecko) Chrome/143.0.0.0 Safari/537.36",info,production,main,MISS,serverless,/api/waitlist,www.soulprintengine.ai,www.soulprintengine.ai,dpl_Ad8VnL9BSBPTEEQpvjGzn5sESA9n,,,,,"Streak API response: {
  status: 400,
  statusText: 'Bad Request',
  body: '{\n  ""success"": false,\n  ""error"": ""Invalid API path specified""\n}'
}",prj_0yEqZoYLeoFxe4GwUIxHZhtEU6iA,,,,,
2026-01-19 01:40:31,1768786831113,www.soulprintengine.ai/api/waitlist,POST,,500,zknsp-1768786829499-0b8a8620ddac,"Mozilla/5.0 (Windows NT 10.0; Win64; x64) AppleWebKit/537.36 (KHTML, like Gecko) Chrome/143.0.0.0 Safari/537.36",error,production,main,MISS,serverless,/api/waitlist,www.soulprintengine.ai,www.soulprintengine.ai,dpl_Ad8VnL9BSBPTEEQpvjGzn5sESA9n,,,,,"Streak API error: {
  status: 400,
  response: '{\n  ""success"": false,\n  ""error"": ""Invalid API path specified""\n}'
}",prj_0yEqZoYLeoFxe4GwUIxHZhtEU6iA,,,,,
2026-01-19 01:40:29,1768786829499,www.soulprintengine.ai/api/waitlist,POST,,500,zknsp-1768786829499-0b8a8620ddac,"Mozilla/5.0 (Windows NT 10.0; Win64; x64) AppleWebKit/537.36 (KHTML, like Gecko) Chrome/143.0.0.0 Safari/537.36",,production,main,MISS,serverless,/api/waitlist,www.soulprintengine.ai,www.soulprintengine.ai,dpl_Ad8VnL9BSBPTEEQpvjGzn5sESA9n,797,iad1,257,2048,,prj_0yEqZoYLeoFxe4GwUIxHZhtEU6iA,,,01KF9YJ894FRT6J8680MHF6SW4,nU7iFIPfJgdl,1
2026-01-19 01:40:00,1768786800784,www.soulprintengine.ai/,GET,_rsc=ivliq,200,57495-1768786800784-2f7712d76f86,"Mozilla/5.0 (Windows NT 10.0; Win64; x64) AppleWebKit/537.36 (KHTML, like Gecko) Chrome/143.0.0.0 Safari/537.36",,production,main,PRERENDER,middleware,middleware,www.soulprintengine.ai,soulprint-landing-iq3yni1x4-a55ets-projects.vercel.app,dpl_Ad8VnL9BSBPTEEQpvjGzn5sESA9n,12,iad1,145,2048,,prj_0yEqZoYLeoFxe4GwUIxHZhtEU6iA,,,01KF9YHC5DZ0660J01Z4DRH70T,90HyD6ar1cgr,1
2026-01-19 01:40:00,1768786800784,www.soulprintengine.ai/,GET,_rsc=ivliq,200,57495-1768786800784-2f7712d76f86,"Mozilla/5.0 (Windows NT 10.0; Win64; x64) AppleWebKit/537.36 (KHTML, like Gecko) Chrome/143.0.0.0 Safari/537.36",,production,main,PRERENDER,static,/index.segments/__PAGE__.segment,www.soulprintengine.ai,soulprint-landing-iq3yni1x4-a55ets-projects.vercel.app,dpl_Ad8VnL9BSBPTEEQpvjGzn5sESA9n,,cle1,,,,prj_0yEqZoYLeoFxe4GwUIxHZhtEU6iA,,,,,
2026-01-19 01:40:00,1768786800783,www.soulprintengine.ai/,GET,_rsc=1pn8p,200,p6pcq-1768786800783-14f91b094028,"Mozilla/5.0 (Windows NT 10.0; Win64; x64) AppleWebKit/537.36 (KHTML, like Gecko) Chrome/143.0.0.0 Safari/537.36",,production,main,PRERENDER,middleware,middleware,www.soulprintengine.ai,soulprint-landing-iq3yni1x4-a55ets-projects.vercel.app,dpl_Ad8VnL9BSBPTEEQpvjGzn5sESA9n,10,iad1,147,2048,,prj_0yEqZoYLeoFxe4GwUIxHZhtEU6iA,,,01KF9YHC4TWYCN5KAQB1F55EVY,9lb5pGWyOnyv,1
2026-01-19 01:40:00,1768786800783,www.soulprintengine.ai/,GET,_rsc=1pn8p,200,p6pcq-1768786800783-14f91b094028,"Mozilla/5.0 (Windows NT 10.0; Win64; x64) AppleWebKit/537.36 (KHTML, like Gecko) Chrome/143.0.0.0 Safari/537.36",,production,main,PRERENDER,static,/index.segments/_head.segment,www.soulprintengine.ai,soulprint-landing-iq3yni1x4-a55ets-projects.vercel.app,dpl_Ad8VnL9BSBPTEEQpvjGzn5sESA9n,,cle1,,,,prj_0yEqZoYLeoFxe4GwUIxHZhtEU6iA,,,,,
2026-01-19 01:40:00,1768786800492,www.soulprintengine.ai/,GET,_rsc=1r34m,200,hh9mx-1768786800492-1d9382d6816c,"Mozilla/5.0 (Windows NT 10.0; Win64; x64) AppleWebKit/537.36 (KHTML, like Gecko) Chrome/143.0.0.0 Safari/537.36",,production,main,PRERENDER,middleware,middleware,www.soulprintengine.ai,soulprint-landing-iq3yni1x4-a55ets-projects.vercel.app,dpl_Ad8VnL9BSBPTEEQpvjGzn5sESA9n,9,iad1,147,2048,,prj_0yEqZoYLeoFxe4GwUIxHZhtEU6iA,,,01KF9YHBVRK0P5E98XTTD24CGM,9lb5pGWyOnyv,1
2026-01-19 01:40:00,1768786800492,www.soulprintengine.ai/,GET,_rsc=1r34m,200,hh9mx-1768786800492-1d9382d6816c,"Mozilla/5.0 (Windows NT 10.0; Win64; x64) AppleWebKit/537.36 (KHTML, like Gecko) Chrome/143.0.0.0 Safari/537.36",,production,main,PRERENDER,static,/index.segments/_tree.segment,www.soulprintengine.ai,soulprint-landing-iq3yni1x4-a55ets-projects.vercel.app,dpl_Ad8VnL9BSBPTEEQpvjGzn5sESA9n,,cle1,,,,prj_0yEqZoYLeoFxe4GwUIxHZhtEU6iA,,,,,
2026-01-19 01:40:00,1768786800255,www.soulprintengine.ai/,GET,_rsc=114vl,200,57mqn-1768786800255-a92e3874ecae,"Mozilla/5.0 (Windows NT 10.0; Win64; x64) AppleWebKit/537.36 (KHTML, like Gecko) Chrome/143.0.0.0 Safari/537.36",,production,main,HIT,middleware,middleware,www.soulprintengine.ai,soulprint-landing-iq3yni1x4-a55ets-projects.vercel.app,dpl_Ad8VnL9BSBPTEEQpvjGzn5sESA9n,10,iad1,147,2048,,prj_0yEqZoYLeoFxe4GwUIxHZhtEU6iA,,,01KF9YHBMK084CDQFV24XTJVDE,9lb5pGWyOnyv,1
2026-01-19 01:40:00,1768786800255,www.soulprintengine.ai/,GET,_rsc=114vl,200,57mqn-1768786800255-a92e3874ecae,"Mozilla/5.0 (Windows NT 10.0; Win64; x64) AppleWebKit/537.36 (KHTML, like Gecko) Chrome/143.0.0.0 Safari/537.36",,production,main,HIT,static,/index,www.soulprintengine.ai,soulprint-landing-iq3yni1x4-a55ets-projects.vercel.app,dpl_Ad8VnL9BSBPTEEQpvjGzn5sESA9n,,cle1,,,,prj_0yEqZoYLeoFxe4GwUIxHZhtEU6iA,,,,,
2026-01-19 01:39:59,1768786799964,www.soulprintengine.ai/,GET,_rsc=1c48i,200,57mqn-1768786799964-977c8cacc5b4,"Mozilla/5.0 (Windows NT 10.0; Win64; x64) AppleWebKit/537.36 (KHTML, like Gecko) Chrome/143.0.0.0 Safari/537.36",,production,main,PRERENDER,middleware,middleware,www.soulprintengine.ai,soulprint-landing-iq3yni1x4-a55ets-projects.vercel.app,dpl_Ad8VnL9BSBPTEEQpvjGzn5sESA9n,13,iad1,147,2048,,prj_0yEqZoYLeoFxe4GwUIxHZhtEU6iA,,,01KF9YHBB9HQ88VZ7JY6TGTCBK,9lb5pGWyOnyv,1
2026-01-19 01:39:59,1768786799964,www.soulprintengine.ai/,GET,_rsc=1c48i,200,57mqn-1768786799964-977c8cacc5b4,"Mozilla/5.0 (Windows NT 10.0; Win64; x64) AppleWebKit/537.36 (KHTML, like Gecko) Chrome/143.0.0.0 Safari/537.36",,production,main,PRERENDER,static,/index,www.soulprintengine.ai,soulprint-landing-iq3yni1x4-a55ets-projects.vercel.app,dpl_Ad8VnL9BSBPTEEQpvjGzn5sESA9n,,cle1,,,,prj_0yEqZoYLeoFxe4GwUIxHZhtEU6iA,,,,,
2026-01-19 01:39:58,1768786798480,www.soulprintengine.ai/questionnaire/new,GET,_rsc=uriwz,304,w5zt5-1768786798480-326d5ebbf4a9,"Mozilla/5.0 (Windows NT 10.0; Win64; x64) AppleWebKit/537.36 (KHTML, like Gecko) Chrome/143.0.0.0 Safari/537.36",,production,main,HIT,middleware,middleware,www.soulprintengine.ai,soulprint-landing-iq3yni1x4-a55ets-projects.vercel.app,dpl_Ad8VnL9BSBPTEEQpvjGzn5sESA9n,306,iad1,108,2048,,prj_0yEqZoYLeoFxe4GwUIxHZhtEU6iA,,,01KF9YH8JACE40BGKDJP00SZRQ,lHZteKTaGrL5,3
2026-01-19 01:39:58,1768786798480,www.soulprintengine.ai/questionnaire/new,GET,_rsc=uriwz,304,w5zt5-1768786798480-326d5ebbf4a9,"Mozilla/5.0 (Windows NT 10.0; Win64; x64) AppleWebKit/537.36 (KHTML, like Gecko) Chrome/143.0.0.0 Safari/537.36",,production,main,HIT,static,/questionnaire/new.segments/questionnaire/new/__PAGE__.segment,www.soulprintengine.ai,soulprint-landing-iq3yni1x4-a55ets-projects.vercel.app,dpl_Ad8VnL9BSBPTEEQpvjGzn5sESA9n,327,cle1,,,,prj_0yEqZoYLeoFxe4GwUIxHZhtEU6iA,,,,,
2026-01-19 01:39:58,1768786798450,www.soulprintengine.ai/questionnaire/new,GET,_rsc=1eu3n,304,w6szs-1768786798450-4f1ba276b3ee,"Mozilla/5.0 (Windows NT 10.0; Win64; x64) AppleWebKit/537.36 (KHTML, like Gecko) Chrome/143.0.0.0 Safari/537.36",,production,main,HIT,middleware,middleware,www.soulprintengine.ai,soulprint-landing-iq3yni1x4-a55ets-projects.vercel.app,dpl_Ad8VnL9BSBPTEEQpvjGzn5sESA9n,282,iad1,108,2048,,prj_0yEqZoYLeoFxe4GwUIxHZhtEU6iA,,,01KF9YH8JACE40BGKDJP00SZRQ,lHZteKTaGrL5,3
2026-01-19 01:39:58,1768786798450,www.soulprintengine.ai/questionnaire/new,GET,_rsc=1eu3n,304,w6szs-1768786798450-4f1ba276b3ee,"Mozilla/5.0 (Windows NT 10.0; Win64; x64) AppleWebKit/537.36 (KHTML, like Gecko) Chrome/143.0.0.0 Safari/537.36",,production,main,HIT,static,/questionnaire/new.segments/questionnaire.segment,www.soulprintengine.ai,soulprint-landing-iq3yni1x4-a55ets-projects.vercel.app,dpl_Ad8VnL9BSBPTEEQpvjGzn5sESA9n,,cle1,,,,prj_0yEqZoYLeoFxe4GwUIxHZhtEU6iA,,,,,
2026-01-19 01:39:58,1768786798450,www.soulprintengine.ai/questionnaire/new,GET,_rsc=onv2t,304,qcc8m-1768786798450-2a6d19ccbbd3,"Mozilla/5.0 (Windows NT 10.0; Win64; x64) AppleWebKit/537.36 (KHTML, like Gecko) Chrome/143.0.0.0 Safari/537.36",,production,main,HIT,middleware,middleware,www.soulprintengine.ai,soulprint-landing-iq3yni1x4-a55ets-projects.vercel.app,dpl_Ad8VnL9BSBPTEEQpvjGzn5sESA9n,1137,iad1,147,2048,,prj_0yEqZoYLeoFxe4GwUIxHZhtEU6iA,,,01KF9YH9W1TNMYK9KAH02CA3PC,9lb5pGWyOnyv,1
2026-01-19 01:39:58,1768786798450,www.soulprintengine.ai/questionnaire/new,GET,_rsc=onv2t,304,qcc8m-1768786798450-2a6d19ccbbd3,"Mozilla/5.0 (Windows NT 10.0; Win64; x64) AppleWebKit/537.36 (KHTML, like Gecko) Chrome/143.0.0.0 Safari/537.36",,production,main,HIT,static,/questionnaire/new.segments/questionnaire/new.segment,www.soulprintengine.ai,soulprint-landing-iq3yni1x4-a55ets-projects.vercel.app,dpl_Ad8VnL9BSBPTEEQpvjGzn5sESA9n,,cle1,,,,prj_0yEqZoYLeoFxe4GwUIxHZhtEU6iA,,,,,
2026-01-19 01:39:58,1768786798449,www.soulprintengine.ai/questionnaire/new,GET,_rsc=1h3a7,304,jpp66-1768786798449-4399897044c3,"Mozilla/5.0 (Windows NT 10.0; Win64; x64) AppleWebKit/537.36 (KHTML, like Gecko) Chrome/143.0.0.0 Safari/537.36",,production,main,HIT,middleware,middleware,www.soulprintengine.ai,soulprint-landing-iq3yni1x4-a55ets-projects.vercel.app,dpl_Ad8VnL9BSBPTEEQpvjGzn5sESA9n,832,iad1,145,2048,,prj_0yEqZoYLeoFxe4GwUIxHZhtEU6iA,,,01KF9YH9W0Z6E4QVEM58G5XCH1,hH1y2fQ3Z7fP,1
2026-01-19 01:39:58,1768786798449,www.soulprintengine.ai/questionnaire/new,GET,_rsc=1h3a7,304,jpp66-1768786798449-4399897044c3,"Mozilla/5.0 (Windows NT 10.0; Win64; x64) AppleWebKit/537.36 (KHTML, like Gecko) Chrome/143.0.0.0 Safari/537.36",,production,main,HIT,static,/questionnaire/new.segments/_index.segment,www.soulprintengine.ai,soulprint-landing-iq3yni1x4-a55ets-projects.vercel.app,dpl_Ad8VnL9BSBPTEEQpvjGzn5sESA9n,,cle1,,,,prj_0yEqZoYLeoFxe4GwUIxHZhtEU6iA,,,,,
2026-01-19 01:39:58,1768786798448,www.soulprintengine.ai/questionnaire/new,GET,_rsc=1rmgn,304,57mqn-1768786798448-5f4b37cf7c28,"Mozilla/5.0 (Windows NT 10.0; Win64; x64) AppleWebKit/537.36 (KHTML, like Gecko) Chrome/143.0.0.0 Safari/537.36",,production,main,HIT,middleware,middleware,www.soulprintengine.ai,soulprint-landing-iq3yni1x4-a55ets-projects.vercel.app,dpl_Ad8VnL9BSBPTEEQpvjGzn5sESA9n,1061,iad1,145,2048,,prj_0yEqZoYLeoFxe4GwUIxHZhtEU6iA,,,01KF9YH9VZRS4F01G0A0Y4RCDB,90HyD6ar1cgr,1
2026-01-19 01:39:58,1768786798448,www.soulprintengine.ai/questionnaire/new,GET,_rsc=1rmgn,304,57mqn-1768786798448-5f4b37cf7c28,"Mozilla/5.0 (Windows NT 10.0; Win64; x64) AppleWebKit/537.36 (KHTML, like Gecko) Chrome/143.0.0.0 Safari/537.36",,production,main,HIT,static,/questionnaire/new.segments/_head.segment,www.soulprintengine.ai,soulprint-landing-iq3yni1x4-a55ets-projects.vercel.app,dpl_Ad8VnL9BSBPTEEQpvjGzn5sESA9n,,cle1,,,,prj_0yEqZoYLeoFxe4GwUIxHZhtEU6iA,,,,,
2026-01-19 01:39:58,1768786798342,www.soulprintengine.ai/dashboard/insights,GET,_rsc=hb77t,200,g4ffq-1768786798342-ecfa4e492b66,"Mozilla/5.0 (Windows NT 10.0; Win64; x64) AppleWebKit/537.36 (KHTML, like Gecko) Chrome/143.0.0.0 Safari/537.36",,production,main,MISS,middleware,middleware,www.soulprintengine.ai,soulprint-landing-iq3yni1x4-a55ets-projects.vercel.app,dpl_Ad8VnL9BSBPTEEQpvjGzn5sESA9n,304,iad1,107,2048,,prj_0yEqZoYLeoFxe4GwUIxHZhtEU6iA,,,01KF9YH8JACE40BGKDJP00SZRQ,lHZteKTaGrL5,3
2026-01-19 01:39:58,1768786798342,www.soulprintengine.ai/dashboard/insights,GET,_rsc=hb77t,200,g4ffq-1768786798342-ecfa4e492b66,"Mozilla/5.0 (Windows NT 10.0; Win64; x64) AppleWebKit/537.36 (KHTML, like Gecko) Chrome/143.0.0.0 Safari/537.36",,production,main,MISS,serverless,/dashboard/insights.rsc,www.soulprintengine.ai,soulprint-landing-iq3yni1x4-a55ets-projects.vercel.app,dpl_Ad8VnL9BSBPTEEQpvjGzn5sESA9n,13,iad1,273,2048,,prj_0yEqZoYLeoFxe4GwUIxHZhtEU6iA,,,01KF9YHA6PRZEA4CNR42Q8AG1Y,bjVTcxnXPqip,1
2026-01-19 01:39:58,1768786798066,www.soulprintengine.ai/questionnaire/new,GET,_rsc=j0a4x,304,6f6sf-1768786798066-c7841a9630ae,"Mozilla/5.0 (Windows NT 10.0; Win64; x64) AppleWebKit/537.36 (KHTML, like Gecko) Chrome/143.0.0.0 Safari/537.36",,production,main,HIT,middleware,middleware,www.soulprintengine.ai,soulprint-landing-iq3yni1x4-a55ets-projects.vercel.app,dpl_Ad8VnL9BSBPTEEQpvjGzn5sESA9n,312,iad1,106,2048,,prj_0yEqZoYLeoFxe4GwUIxHZhtEU6iA,,,01KF9YH8JACE40BGKDJP00SZRQ,lHZteKTaGrL5,2
2026-01-19 01:39:58,1768786798066,www.soulprintengine.ai/questionnaire/new,GET,_rsc=j0a4x,304,6f6sf-1768786798066-c7841a9630ae,"Mozilla/5.0 (Windows NT 10.0; Win64; x64) AppleWebKit/537.36 (KHTML, like Gecko) Chrome/143.0.0.0 Safari/537.36",,production,main,HIT,static,/questionnaire/new.segments/_tree.segment,www.soulprintengine.ai,soulprint-landing-iq3yni1x4-a55ets-projects.vercel.app,dpl_Ad8VnL9BSBPTEEQpvjGzn5sESA9n,,cle1,,,,prj_0yEqZoYLeoFxe4GwUIxHZhtEU6iA,,,,,
2026-01-19 01:39:57,1768786797670,www.soulprintengine.ai/dashboard/insights,GET,_rsc=j0a4x,200,v5nk8-1768786797670-ef571e9c980c,"Mozilla/5.0 (Windows NT 10.0; Win64; x64) AppleWebKit/537.36 (KHTML, like Gecko) Chrome/143.0.0.0 Safari/537.36",,production,main,MISS,middleware,middleware,www.soulprintengine.ai,soulprint-landing-iq3yni1x4-a55ets-projects.vercel.app,dpl_Ad8VnL9BSBPTEEQpvjGzn5sESA9n,560,iad1,106,2048,,prj_0yEqZoYLeoFxe4GwUIxHZhtEU6iA,,,01KF9YH8JACE40BGKDJP00SZRQ,lHZteKTaGrL5,3
2026-01-19 01:39:57,1768786797670,www.soulprintengine.ai/dashboard/insights,GET,_rsc=j0a4x,200,v5nk8-1768786797670-ef571e9c980c,"Mozilla/5.0 (Windows NT 10.0; Win64; x64) AppleWebKit/537.36 (KHTML, like Gecko) Chrome/143.0.0.0 Safari/537.36",,production,main,MISS,serverless,/dashboard/insights.rsc,www.soulprintengine.ai,soulprint-landing-iq3yni1x4-a55ets-projects.vercel.app,dpl_Ad8VnL9BSBPTEEQpvjGzn5sESA9n,17,iad1,272,2048,,prj_0yEqZoYLeoFxe4GwUIxHZhtEU6iA,,,01KF9YH9NMY5J4K7HQ0TE1W9M0,bjVTcxnXPqip,1
2026-01-19 01:39:57,1768786797558,www.soulprintengine.ai/dashboard/profile,GET,_rsc=hb77t,200,z6l92-1768786797558-67851eb39b92,"Mozilla/5.0 (Windows NT 10.0; Win64; x64) AppleWebKit/537.36 (KHTML, like Gecko) Chrome/143.0.0.0 Safari/537.36",,production,main,MISS,serverless,/dashboard/profile.rsc,www.soulprintengine.ai,soulprint-landing-iq3yni1x4-a55ets-projects.vercel.app,dpl_Ad8VnL9BSBPTEEQpvjGzn5sESA9n,10,iad1,272,2048,,prj_0yEqZoYLeoFxe4GwUIxHZhtEU6iA,,,01KF9YH9A55N248DPB852032RC,bjVTcxnXPqip,1
2026-01-19 01:39:57,1768786797558,www.soulprintengine.ai/dashboard/profile,GET,_rsc=hb77t,200,z6l92-1768786797558-67851eb39b92,"Mozilla/5.0 (Windows NT 10.0; Win64; x64) AppleWebKit/537.36 (KHTML, like Gecko) Chrome/143.0.0.0 Safari/537.36",,production,main,MISS,middleware,middleware,www.soulprintengine.ai,soulprint-landing-iq3yni1x4-a55ets-projects.vercel.app,dpl_Ad8VnL9BSBPTEEQpvjGzn5sESA9n,301,iad1,106,2048,,prj_0yEqZoYLeoFxe4GwUIxHZhtEU6iA,,,01KF9YH8JACE40BGKDJP00SZRQ,lHZteKTaGrL5,3
2026-01-19 01:39:57,1768786797217,www.soulprintengine.ai/dashboard/chat,GET,_rsc=hb77t,200,zf6lz-1768786797217-ef5830a89ec0,"Mozilla/5.0 (Windows NT 10.0; Win64; x64) AppleWebKit/537.36 (KHTML, like Gecko) Chrome/143.0.0.0 Safari/537.36",,production,main,MISS,serverless,/dashboard/chat.rsc,www.soulprintengine.ai,soulprint-landing-iq3yni1x4-a55ets-projects.vercel.app,dpl_Ad8VnL9BSBPTEEQpvjGzn5sESA9n,15,iad1,272,2048,,prj_0yEqZoYLeoFxe4GwUIxHZhtEU6iA,,,01KF9YH963DJMCS7XPQ71HAD8N,bjVTcxnXPqip,1
2026-01-19 01:39:57,1768786797217,www.soulprintengine.ai/dashboard/chat,GET,_rsc=hb77t,200,zf6lz-1768786797217-ef5830a89ec0,"Mozilla/5.0 (Windows NT 10.0; Win64; x64) AppleWebKit/537.36 (KHTML, like Gecko) Chrome/143.0.0.0 Safari/537.36",,production,main,MISS,middleware,middleware,www.soulprintengine.ai,soulprint-landing-iq3yni1x4-a55ets-projects.vercel.app,dpl_Ad8VnL9BSBPTEEQpvjGzn5sESA9n,496,iad1,106,2048,,prj_0yEqZoYLeoFxe4GwUIxHZhtEU6iA,,,01KF9YH8JACE40BGKDJP00SZRQ,lHZteKTaGrL5,3
2026-01-19 01:39:57,1768786797117,www.soulprintengine.ai/dashboard/profile,GET,_rsc=j0a4x,200,v5nk8-1768786797117-9c1c52b7bb2b,"Mozilla/5.0 (Windows NT 10.0; Win64; x64) AppleWebKit/537.36 (KHTML, like Gecko) Chrome/143.0.0.0 Safari/537.36",,production,main,MISS,serverless,/dashboard/profile.rsc,www.soulprintengine.ai,soulprint-landing-iq3yni1x4-a55ets-projects.vercel.app,dpl_Ad8VnL9BSBPTEEQpvjGzn5sESA9n,10,iad1,271,2048,,prj_0yEqZoYLeoFxe4GwUIxHZhtEU6iA,,,01KF9YH8XDJ0C5X27B1RHK334P,bjVTcxnXPqip,1
2026-01-19 01:39:57,1768786797117,www.soulprintengine.ai/dashboard/profile,GET,_rsc=j0a4x,200,v5nk8-1768786797117-9c1c52b7bb2b,"Mozilla/5.0 (Windows NT 10.0; Win64; x64) AppleWebKit/537.36 (KHTML, like Gecko) Chrome/143.0.0.0 Safari/537.36",,production,main,MISS,middleware,middleware,www.soulprintengine.ai,soulprint-landing-iq3yni1x4-a55ets-projects.vercel.app,dpl_Ad8VnL9BSBPTEEQpvjGzn5sESA9n,322,iad1,147,2048,,prj_0yEqZoYLeoFxe4GwUIxHZhtEU6iA,,,01KF9YH8JACE40BGKDJP00SZRQ,lHZteKTaGrL5,2
2026-01-19 01:39:56,1768786796709,www.soulprintengine.ai/dashboard/chat,GET,_rsc=j0a4x,200,7nl7g-1768786796709-fdd8869ba853,"Mozilla/5.0 (Windows NT 10.0; Win64; x64) AppleWebKit/537.36 (KHTML, like Gecko) Chrome/143.0.0.0 Safari/537.36",,production,main,MISS,serverless,/dashboard/chat.rsc,www.soulprintengine.ai,soulprint-landing-iq3yni1x4-a55ets-projects.vercel.app,dpl_Ad8VnL9BSBPTEEQpvjGzn5sESA9n,52,iad1,269,2048,,prj_0yEqZoYLeoFxe4GwUIxHZhtEU6iA,,,01KF9YH8J4RX45DWRCP5FHE3FA,bjVTcxnXPqip,1
2026-01-19 01:39:56,1768786796709,www.soulprintengine.ai/dashboard/chat,GET,_rsc=j0a4x,200,7nl7g-1768786796709-fdd8869ba853,"Mozilla/5.0 (Windows NT 10.0; Win64; x64) AppleWebKit/537.36 (KHTML, like Gecko) Chrome/143.0.0.0 Safari/537.36",,production,main,MISS,middleware,middleware,www.soulprintengine.ai,soulprint-landing-iq3yni1x4-a55ets-projects.vercel.app,dpl_Ad8VnL9BSBPTEEQpvjGzn5sESA9n,350,iad1,147,2048,,prj_0yEqZoYLeoFxe4GwUIxHZhtEU6iA,,,01KF9YH85P3BX04BJZ8S6ZW51S,lHZteKTaGrL5,1
2026-01-19 01:34:41,1768786481556,www.soulprintengine.ai/dashboard/settings,GET,_rsc=hb77t,200,8glv4-1768786481556-fe20159bc75d,"Mozilla/5.0 (Windows NT 10.0; Win64; x64) AppleWebKit/537.36 (KHTML, like Gecko) Chrome/143.0.0.0 Safari/537.36",,production,main,MISS,middleware,middleware,www.soulprintengine.ai,soulprint-landing-iq3yni1x4-a55ets-projects.vercel.app,dpl_Ad8VnL9BSBPTEEQpvjGzn5sESA9n,266,iad1,147,2048,,prj_0yEqZoYLeoFxe4GwUIxHZhtEU6iA,,,01KF9Y7MD16QSQ4NZNF8GXE0HW,lHZteKTaGrL5,1
2026-01-19 01:34:41,1768786481556,www.soulprintengine.ai/dashboard/settings,GET,_rsc=hb77t,200,8glv4-1768786481556-fe20159bc75d,"Mozilla/5.0 (Windows NT 10.0; Win64; x64) AppleWebKit/537.36 (KHTML, like Gecko) Chrome/143.0.0.0 Safari/537.36",,production,main,MISS,serverless,/dashboard/settings.rsc,www.soulprintengine.ai,soulprint-landing-iq3yni1x4-a55ets-projects.vercel.app,dpl_Ad8VnL9BSBPTEEQpvjGzn5sESA9n,13,iad1,263,2048,,prj_0yEqZoYLeoFxe4GwUIxHZhtEU6iA,,,01KF9Y7MPG9QA9NQR0J6E1BBW4,bjVTcxnXPqip,1
2026-01-19 01:34:41,1768786481056,www.soulprintengine.ai/dashboard/settings,GET,_rsc=j0a4x,200,x4m4j-1768786481056-3f710d304c4f,"Mozilla/5.0 (Windows NT 10.0; Win64; x64) AppleWebKit/537.36 (KHTML, like Gecko) Chrome/143.0.0.0 Safari/537.36",,production,main,MISS,middleware,middleware,www.soulprintengine.ai,soulprint-landing-iq3yni1x4-a55ets-projects.vercel.app,dpl_Ad8VnL9BSBPTEEQpvjGzn5sESA9n,369,iad1,147,2048,,prj_0yEqZoYLeoFxe4GwUIxHZhtEU6iA,,,01KF9Y7KXGER9ERKAM8159M5H3,lHZteKTaGrL5,1
2026-01-19 01:34:41,1768786481056,www.soulprintengine.ai/dashboard/settings,GET,_rsc=j0a4x,200,x4m4j-1768786481056-3f710d304c4f,"Mozilla/5.0 (Windows NT 10.0; Win64; x64) AppleWebKit/537.36 (KHTML, like Gecko) Chrome/143.0.0.0 Safari/537.36",,production,main,MISS,serverless,/dashboard/settings.rsc,www.soulprintengine.ai,soulprint-landing-iq3yni1x4-a55ets-projects.vercel.app,dpl_Ad8VnL9BSBPTEEQpvjGzn5sESA9n,15,iad1,262,2048,,prj_0yEqZoYLeoFxe4GwUIxHZhtEU6iA,,,01KF9Y7MA2E2ZE7EJY33QX2WT2,bjVTcxnXPqip,1
2026-01-19 01:29:24,1768786164033,www.soulprintengine.ai/dashboard/chat,GET,_rsc=hb77t,200,c9cvm-1768786164033-ed65618c2df5,"Mozilla/5.0 (Windows NT 10.0; Win64; x64) AppleWebKit/537.36 (KHTML, like Gecko) Chrome/143.0.0.0 Safari/537.36",,production,main,MISS,serverless,/dashboard/chat.rsc,www.soulprintengine.ai,soulprint-landing-iq3yni1x4-a55ets-projects.vercel.app,dpl_Ad8VnL9BSBPTEEQpvjGzn5sESA9n,14,iad1,263,2048,,prj_0yEqZoYLeoFxe4GwUIxHZhtEU6iA,,,01KF9XXYKM69H9NE5P5DRT55EJ,bjVTcxnXPqip,1
2026-01-19 01:29:24,1768786164033,www.soulprintengine.ai/dashboard/chat,GET,_rsc=hb77t,200,c9cvm-1768786164033-ed65618c2df5,"Mozilla/5.0 (Windows NT 10.0; Win64; x64) AppleWebKit/537.36 (KHTML, like Gecko) Chrome/143.0.0.0 Safari/537.36",,production,main,MISS,middleware,middleware,www.soulprintengine.ai,soulprint-landing-iq3yni1x4-a55ets-projects.vercel.app,dpl_Ad8VnL9BSBPTEEQpvjGzn5sESA9n,253,iad1,147,2048,,prj_0yEqZoYLeoFxe4GwUIxHZhtEU6iA,,,01KF9XXYAMYN8ZFKYYMCQNFM22,lHZteKTaGrL5,1
2026-01-19 01:29:23,1768786163618,www.soulprintengine.ai/dashboard/chat,GET,_rsc=j0a4x,200,nkmzd-1768786163618-97fd769019cf,"Mozilla/5.0 (Windows NT 10.0; Win64; x64) AppleWebKit/537.36 (KHTML, like Gecko) Chrome/143.0.0.0 Safari/537.36",,production,main,MISS,middleware,middleware,www.soulprintengine.ai,soulprint-landing-iq3yni1x4-a55ets-projects.vercel.app,dpl_Ad8VnL9BSBPTEEQpvjGzn5sESA9n,260,iad1,147,2048,,prj_0yEqZoYLeoFxe4GwUIxHZhtEU6iA,,,01KF9XXXXKQAYGBHVT8DD6YQ12,lHZteKTaGrL5,1
2026-01-19 01:29:23,1768786163618,www.soulprintengine.ai/dashboard/chat,GET,_rsc=j0a4x,200,nkmzd-1768786163618-97fd769019cf,"Mozilla/5.0 (Windows NT 10.0; Win64; x64) AppleWebKit/537.36 (KHTML, like Gecko) Chrome/143.0.0.0 Safari/537.36",,production,main,MISS,serverless,/dashboard/chat.rsc,www.soulprintengine.ai,soulprint-landing-iq3yni1x4-a55ets-projects.vercel.app,dpl_Ad8VnL9BSBPTEEQpvjGzn5sESA9n,43,iad1,264,2048,,prj_0yEqZoYLeoFxe4GwUIxHZhtEU6iA,,,01KF9XXY6V9GMQ7EHHCTCFJKG6,bjVTcxnXPqip,1
2026-01-19 01:29:11,1768786151171,www.soulprintengine.ai/dashboard/settings,GET,_rsc=hb77t,200,8dq6z-1768786151171-a59d007e410b,"Mozilla/5.0 (Windows NT 10.0; Win64; x64) AppleWebKit/537.36 (KHTML, like Gecko) Chrome/143.0.0.0 Safari/537.36",,production,main,MISS,serverless,/dashboard/settings.rsc,www.soulprintengine.ai,soulprint-landing-iq3yni1x4-a55ets-projects.vercel.app,dpl_Ad8VnL9BSBPTEEQpvjGzn5sESA9n,15,iad1,264,2048,,prj_0yEqZoYLeoFxe4GwUIxHZhtEU6iA,,,01KF9XXJ3JPRNKXVHJ0XS9EK4B,bjVTcxnXPqip,1
2026-01-19 01:29:11,1768786151171,www.soulprintengine.ai/dashboard/settings,GET,_rsc=hb77t,200,8dq6z-1768786151171-a59d007e410b,"Mozilla/5.0 (Windows NT 10.0; Win64; x64) AppleWebKit/537.36 (KHTML, like Gecko) Chrome/143.0.0.0 Safari/537.36",,production,main,MISS,middleware,middleware,www.soulprintengine.ai,soulprint-landing-iq3yni1x4-a55ets-projects.vercel.app,dpl_Ad8VnL9BSBPTEEQpvjGzn5sESA9n,322,iad1,147,2048,,prj_0yEqZoYLeoFxe4GwUIxHZhtEU6iA,,,01KF9XXHRDQ9M4V2KTVT8HEA77,lHZteKTaGrL5,1
2026-01-19 01:29:10,1768786150395,www.soulprintengine.ai/dashboard/settings,GET,_rsc=j0a4x,200,8dq6z-1768786150395-48a451980701,"Mozilla/5.0 (Windows NT 10.0; Win64; x64) AppleWebKit/537.36 (KHTML, like Gecko) Chrome/143.0.0.0 Safari/537.36",,production,main,MISS,serverless,/dashboard/settings.rsc,www.soulprintengine.ai,soulprint-landing-iq3yni1x4-a55ets-projects.vercel.app,dpl_Ad8VnL9BSBPTEEQpvjGzn5sESA9n,98,iad1,267,2048,,prj_0yEqZoYLeoFxe4GwUIxHZhtEU6iA,,,01KF9XXHJN3BT2640K0B7GVY9Q,bjVTcxnXPqip,1
2026-01-19 01:29:10,1768786150395,www.soulprintengine.ai/dashboard/settings,GET,_rsc=j0a4x,200,8dq6z-1768786150395-48a451980701,"Mozilla/5.0 (Windows NT 10.0; Win64; x64) AppleWebKit/537.36 (KHTML, like Gecko) Chrome/143.0.0.0 Safari/537.36",,production,main,MISS,middleware,middleware,www.soulprintengine.ai,soulprint-landing-iq3yni1x4-a55ets-projects.vercel.app,dpl_Ad8VnL9BSBPTEEQpvjGzn5sESA9n,547,iad1,147,2048,,prj_0yEqZoYLeoFxe4GwUIxHZhtEU6iA,,,01KF9XXH0BYC86M3398K7XV20Q,lHZteKTaGrL5,1
2026-01-19 01:23:00,1768785780812,www.soulprintengine.ai/questionnaire/new,GET,_rsc=uriwz,304,46pnr-1768785780812-be9ae6e42620,"Mozilla/5.0 (Windows NT 10.0; Win64; x64) AppleWebKit/537.36 (KHTML, like Gecko) Chrome/143.0.0.0 Safari/537.36",,production,main,HIT,middleware,middleware,www.soulprintengine.ai,soulprint-landing-iq3yni1x4-a55ets-projects.vercel.app,dpl_Ad8VnL9BSBPTEEQpvjGzn5sESA9n,269,iad1,109,2048,,prj_0yEqZoYLeoFxe4GwUIxHZhtEU6iA,,,01KF9XJ7C17C9WEK9AA9HZZ1VA,lHZteKTaGrL5,4
2026-01-19 01:23:00,1768785780812,www.soulprintengine.ai/questionnaire/new,GET,_rsc=uriwz,304,46pnr-1768785780812-be9ae6e42620,"Mozilla/5.0 (Windows NT 10.0; Win64; x64) AppleWebKit/537.36 (KHTML, like Gecko) Chrome/143.0.0.0 Safari/537.36",,production,main,HIT,static,/questionnaire/new.segments/questionnaire/new/__PAGE__.segment,www.soulprintengine.ai,soulprint-landing-iq3yni1x4-a55ets-projects.vercel.app,dpl_Ad8VnL9BSBPTEEQpvjGzn5sESA9n,294,cle1,,,,prj_0yEqZoYLeoFxe4GwUIxHZhtEU6iA,,,,,
2026-01-19 01:23:00,1768785780724,www.soulprintengine.ai/questionnaire/new,GET,_rsc=onv2t,304,625qm-1768785780724-5c5c1333e2d8,"Mozilla/5.0 (Windows NT 10.0; Win64; x64) AppleWebKit/537.36 (KHTML, like Gecko) Chrome/143.0.0.0 Safari/537.36",,production,main,HIT,middleware,middleware,www.soulprintengine.ai,soulprint-landing-iq3yni1x4-a55ets-projects.vercel.app,dpl_Ad8VnL9BSBPTEEQpvjGzn5sESA9n,495,iad1,109,2048,,prj_0yEqZoYLeoFxe4GwUIxHZhtEU6iA,,,01KF9XJ7C17C9WEK9AA9HZZ1VA,lHZteKTaGrL5,4
2026-01-19 01:23:00,1768785780724,www.soulprintengine.ai/questionnaire/new,GET,_rsc=onv2t,304,625qm-1768785780724-5c5c1333e2d8,"Mozilla/5.0 (Windows NT 10.0; Win64; x64) AppleWebKit/537.36 (KHTML, like Gecko) Chrome/143.0.0.0 Safari/537.36",,production,main,HIT,static,/questionnaire/new.segments/questionnaire/new.segment,www.soulprintengine.ai,soulprint-landing-iq3yni1x4-a55ets-projects.vercel.app,dpl_Ad8VnL9BSBPTEEQpvjGzn5sESA9n,517,cle1,,,,prj_0yEqZoYLeoFxe4GwUIxHZhtEU6iA,,,,,
2026-01-19 01:23:00,1768785780695,www.soulprintengine.ai/questionnaire/new,GET,_rsc=1eu3n,304,qns8h-1768785780695-839df3228776,"Mozilla/5.0 (Windows NT 10.0; Win64; x64) AppleWebKit/537.36 (KHTML, like Gecko) Chrome/143.0.0.0 Safari/537.36",,production,main,HIT,middleware,middleware,www.soulprintengine.ai,soulprint-landing-iq3yni1x4-a55ets-projects.vercel.app,dpl_Ad8VnL9BSBPTEEQpvjGzn5sESA9n,239,iad1,108,2048,,prj_0yEqZoYLeoFxe4GwUIxHZhtEU6iA,,,01KF9XJ7C17C9WEK9AA9HZZ1VA,lHZteKTaGrL5,4
2026-01-19 01:23:00,1768785780695,www.soulprintengine.ai/questionnaire/new,GET,_rsc=1eu3n,304,qns8h-1768785780695-839df3228776,"Mozilla/5.0 (Windows NT 10.0; Win64; x64) AppleWebKit/537.36 (KHTML, like Gecko) Chrome/143.0.0.0 Safari/537.36",,production,main,HIT,static,/questionnaire/new.segments/questionnaire.segment,www.soulprintengine.ai,soulprint-landing-iq3yni1x4-a55ets-projects.vercel.app,dpl_Ad8VnL9BSBPTEEQpvjGzn5sESA9n,,cle1,,,,prj_0yEqZoYLeoFxe4GwUIxHZhtEU6iA,,,,,
2026-01-19 01:23:00,1768785780674,www.soulprintengine.ai/dashboard/chat,POST,,200,x88tq-1768785780674-ce3cde0482b9,"Mozilla/5.0 (Windows NT 10.0; Win64; x64) AppleWebKit/537.36 (KHTML, like Gecko) Chrome/143.0.0.0 Safari/537.36",,production,main,MISS,serverless,/dashboard/chat,www.soulprintengine.ai,soulprint-landing-iq3yni1x4-a55ets-projects.vercel.app,dpl_Ad8VnL9BSBPTEEQpvjGzn5sESA9n,767,iad1,277,2048,,prj_0yEqZoYLeoFxe4GwUIxHZhtEU6iA,,,01KF9XJ88255V0SZWG6SPPWE53,bjVTcxnXPqip,1
2026-01-19 01:23:00,1768785780674,www.soulprintengine.ai/dashboard/chat,POST,,200,x88tq-1768785780674-ce3cde0482b9,"Mozilla/5.0 (Windows NT 10.0; Win64; x64) AppleWebKit/537.36 (KHTML, like Gecko) Chrome/143.0.0.0 Safari/537.36",,production,main,MISS,middleware,middleware,www.soulprintengine.ai,soulprint-landing-iq3yni1x4-a55ets-projects.vercel.app,dpl_Ad8VnL9BSBPTEEQpvjGzn5sESA9n,290,iad1,108,2048,,prj_0yEqZoYLeoFxe4GwUIxHZhtEU6iA,,,01KF9XJ7C17C9WEK9AA9HZZ1VA,lHZteKTaGrL5,4
2026-01-19 01:23:00,1768785780473,www.soulprintengine.ai/questionnaire/new,GET,_rsc=1h3a7,304,6t5ht-1768785780473-b84652cb5643,"Mozilla/5.0 (Windows NT 10.0; Win64; x64) AppleWebKit/537.36 (KHTML, like Gecko) Chrome/143.0.0.0 Safari/537.36",,production,main,HIT,middleware,middleware,www.soulprintengine.ai,soulprint-landing-iq3yni1x4-a55ets-projects.vercel.app,dpl_Ad8VnL9BSBPTEEQpvjGzn5sESA9n,273,iad1,109,2048,,prj_0yEqZoYLeoFxe4GwUIxHZhtEU6iA,,,01KF9XJ6147CYB4595KH2Y52JK,XfJhtORU5k3K,2
2026-01-19 01:23:00,1768785780473,www.soulprintengine.ai/questionnaire/new,GET,_rsc=1h3a7,304,6t5ht-1768785780473-b84652cb5643,"Mozilla/5.0 (Windows NT 10.0; Win64; x64) AppleWebKit/537.36 (KHTML, like Gecko) Chrome/143.0.0.0 Safari/537.36",,production,main,HIT,static,/questionnaire/new.segments/_index.segment,www.soulprintengine.ai,soulprint-landing-iq3yni1x4-a55ets-projects.vercel.app,dpl_Ad8VnL9BSBPTEEQpvjGzn5sESA9n,,cle1,,,,prj_0yEqZoYLeoFxe4GwUIxHZhtEU6iA,,,,,
2026-01-19 01:23:00,1768785780473,www.soulprintengine.ai/questionnaire/new,GET,_rsc=1rmgn,304,46pnr-1768785780473-019375bd91d4,"Mozilla/5.0 (Windows NT 10.0; Win64; x64) AppleWebKit/537.36 (KHTML, like Gecko) Chrome/143.0.0.0 Safari/537.36",,production,main,HIT,middleware,middleware,www.soulprintengine.ai,soulprint-landing-iq3yni1x4-a55ets-projects.vercel.app,dpl_Ad8VnL9BSBPTEEQpvjGzn5sESA9n,295,iad1,108,2048,,prj_0yEqZoYLeoFxe4GwUIxHZhtEU6iA,,,01KF9XJ7C17C9WEK9AA9HZZ1VA,lHZteKTaGrL5,4
2026-01-19 01:23:00,1768785780473,www.soulprintengine.ai/questionnaire/new,GET,_rsc=1rmgn,304,46pnr-1768785780473-019375bd91d4,"Mozilla/5.0 (Windows NT 10.0; Win64; x64) AppleWebKit/537.36 (KHTML, like Gecko) Chrome/143.0.0.0 Safari/537.36",,production,main,HIT,static,/questionnaire/new.segments/_head.segment,www.soulprintengine.ai,soulprint-landing-iq3yni1x4-a55ets-projects.vercel.app,dpl_Ad8VnL9BSBPTEEQpvjGzn5sESA9n,317,cle1,,,,prj_0yEqZoYLeoFxe4GwUIxHZhtEU6iA,,,,,
2026-01-19 01:23:00,1768785780177,www.soulprintengine.ai/dashboard/bot,GET,_rsc=hb77t,200,vqw9q-1768785780177-81312f470f1f,"Mozilla/5.0 (Windows NT 10.0; Win64; x64) AppleWebKit/537.36 (KHTML, like Gecko) Chrome/143.0.0.0 Safari/537.36",,production,main,MISS,middleware,middleware,www.soulprintengine.ai,soulprint-landing-iq3yni1x4-a55ets-projects.vercel.app,dpl_Ad8VnL9BSBPTEEQpvjGzn5sESA9n,309,iad1,108,2048,,prj_0yEqZoYLeoFxe4GwUIxHZhtEU6iA,,,01KF9XJ7C17C9WEK9AA9HZZ1VA,lHZteKTaGrL5,2
2026-01-19 01:23:00,1768785780177,www.soulprintengine.ai/dashboard/bot,GET,_rsc=hb77t,200,vqw9q-1768785780177-81312f470f1f,"Mozilla/5.0 (Windows NT 10.0; Win64; x64) AppleWebKit/537.36 (KHTML, like Gecko) Chrome/143.0.0.0 Safari/537.36",,production,main,MISS,serverless,/dashboard/bot.rsc,www.soulprintengine.ai,soulprint-landing-iq3yni1x4-a55ets-projects.vercel.app,dpl_Ad8VnL9BSBPTEEQpvjGzn5sESA9n,8,iad1,284,2048,,prj_0yEqZoYLeoFxe4GwUIxHZhtEU6iA,,,01KF9XJ7BQD3W85AGCXJV2Z0RE,VKUyIrGpWQXE,2
2026-01-19 01:23:00,1768785780085,www.soulprintengine.ai/dashboard/chat,GET,_rsc=hb77t,200,46pnr-1768785780085-e372e94cd7cb,"Mozilla/5.0 (Windows NT 10.0; Win64; x64) AppleWebKit/537.36 (KHTML, like Gecko) Chrome/143.0.0.0 Safari/537.36",,production,main,MISS,serverless,/dashboard/chat.rsc,www.soulprintengine.ai,soulprint-landing-iq3yni1x4-a55ets-projects.vercel.app,dpl_Ad8VnL9BSBPTEEQpvjGzn5sESA9n,9,iad1,284,2048,,prj_0yEqZoYLeoFxe4GwUIxHZhtEU6iA,,,01KF9XJ7BQD3W85AGCXJV2Z0RE,VKUyIrGpWQXE,2
2026-01-19 01:23:00,1768785780085,www.soulprintengine.ai/dashboard/chat,GET,_rsc=hb77t,200,46pnr-1768785780085-e372e94cd7cb,"Mozilla/5.0 (Windows NT 10.0; Win64; x64) AppleWebKit/537.36 (KHTML, like Gecko) Chrome/143.0.0.0 Safari/537.36",,production,main,MISS,middleware,middleware,www.soulprintengine.ai,soulprint-landing-iq3yni1x4-a55ets-projects.vercel.app,dpl_Ad8VnL9BSBPTEEQpvjGzn5sESA9n,286,iad1,147,2048,,prj_0yEqZoYLeoFxe4GwUIxHZhtEU6iA,,,01KF9XJ7C17C9WEK9AA9HZZ1VA,lHZteKTaGrL5,2
2026-01-19 01:22:59,1768785779913,www.soulprintengine.ai/dashboard/insights,GET,_rsc=hb77t,200,x88tq-1768785779913-c8ce1820410f,"Mozilla/5.0 (Windows NT 10.0; Win64; x64) AppleWebKit/537.36 (KHTML, like Gecko) Chrome/143.0.0.0 Safari/537.36",,production,main,MISS,middleware,middleware,www.soulprintengine.ai,soulprint-landing-iq3yni1x4-a55ets-projects.vercel.app,dpl_Ad8VnL9BSBPTEEQpvjGzn5sESA9n,684,iad1,109,2048,,prj_0yEqZoYLeoFxe4GwUIxHZhtEU6iA,,,01KF9XJ6147CYB4595KH2Y52JK,XfJhtORU5k3K,2
2026-01-19 01:22:59,1768785779913,www.soulprintengine.ai/dashboard/insights,GET,_rsc=hb77t,200,x88tq-1768785779913-c8ce1820410f,"Mozilla/5.0 (Windows NT 10.0; Win64; x64) AppleWebKit/537.36 (KHTML, like Gecko) Chrome/143.0.0.0 Safari/537.36",,production,main,MISS,serverless,/dashboard/insights.rsc,www.soulprintengine.ai,soulprint-landing-iq3yni1x4-a55ets-projects.vercel.app,dpl_Ad8VnL9BSBPTEEQpvjGzn5sESA9n,11,iad1,285,2048,,prj_0yEqZoYLeoFxe4GwUIxHZhtEU6iA,,,01KF9XJ7WM9NMRGEA68S2WQKQV,VKUyIrGpWQXE,1
2026-01-19 01:22:59,1768785779814,www.soulprintengine.ai/dashboard/chat,POST,,200,625qm-1768785779814-0272b960faa3,"Mozilla/5.0 (Windows NT 10.0; Win64; x64) AppleWebKit/537.36 (KHTML, like Gecko) Chrome/143.0.0.0 Safari/537.36",,production,main,MISS,middleware,middleware,www.soulprintengine.ai,soulprint-landing-iq3yni1x4-a55ets-projects.vercel.app,dpl_Ad8VnL9BSBPTEEQpvjGzn5sESA9n,233,iad1,110,2048,,prj_0yEqZoYLeoFxe4GwUIxHZhtEU6iA,,,01KF9XJ60WA2JGDEQ5T3VFSTYE,lHZteKTaGrL5,3
2026-01-19 01:22:59,1768785779814,www.soulprintengine.ai/dashboard/chat,POST,,200,625qm-1768785779814-0272b960faa3,"Mozilla/5.0 (Windows NT 10.0; Win64; x64) AppleWebKit/537.36 (KHTML, like Gecko) Chrome/143.0.0.0 Safari/537.36",,production,main,MISS,serverless,/dashboard/chat,www.soulprintengine.ai,soulprint-landing-iq3yni1x4-a55ets-projects.vercel.app,dpl_Ad8VnL9BSBPTEEQpvjGzn5sESA9n,482,iad1,285,2048,,prj_0yEqZoYLeoFxe4GwUIxHZhtEU6iA,,,01KF9XJ7BQD3W85AGCXJV2Z0RE,VKUyIrGpWQXE,2
2026-01-19 01:22:59,1768785779777,www.soulprintengine.ai/dashboard/profile,GET,_rsc=hb77t,200,qns8h-1768785779777-394feacbd979,"Mozilla/5.0 (Windows NT 10.0; Win64; x64) AppleWebKit/537.36 (KHTML, like Gecko) Chrome/143.0.0.0 Safari/537.36",,production,main,MISS,middleware,middleware,www.soulprintengine.ai,soulprint-landing-iq3yni1x4-a55ets-projects.vercel.app,dpl_Ad8VnL9BSBPTEEQpvjGzn5sESA9n,297,iad1,110,2048,,prj_0yEqZoYLeoFxe4GwUIxHZhtEU6iA,,,01KF9XJ60WA2JGDEQ5T3VFSTYE,lHZteKTaGrL5,3
2026-01-19 01:22:59,1768785779777,www.soulprintengine.ai/dashboard/profile,GET,_rsc=hb77t,200,qns8h-1768785779777-394feacbd979,"Mozilla/5.0 (Windows NT 10.0; Win64; x64) AppleWebKit/537.36 (KHTML, like Gecko) Chrome/143.0.0.0 Safari/537.36",,production,main,MISS,serverless,/dashboard/profile.rsc,www.soulprintengine.ai,soulprint-landing-iq3yni1x4-a55ets-projects.vercel.app,dpl_Ad8VnL9BSBPTEEQpvjGzn5sESA9n,431,iad1,256,2048,,prj_0yEqZoYLeoFxe4GwUIxHZhtEU6iA,,,01KF9XJ7CGD0RNVJ1MXQV6Z8MD,bjVTcxnXPqip,1
2026-01-19 01:22:59,1768785779680,www.soulprintengine.ai/dashboard/settings,GET,_rsc=hb77t,200,s7xtk-1768785779680-ce9447de12db,"Mozilla/5.0 (Windows NT 10.0; Win64; x64) AppleWebKit/537.36 (KHTML, like Gecko) Chrome/143.0.0.0 Safari/537.36",,production,main,MISS,serverless,/dashboard/settings.rsc,www.soulprintengine.ai,soulprint-landing-iq3yni1x4-a55ets-projects.vercel.app,dpl_Ad8VnL9BSBPTEEQpvjGzn5sESA9n,32,iad1,280,2048,,prj_0yEqZoYLeoFxe4GwUIxHZhtEU6iA,,,01KF9XJ78ZW7XHZZY4G72971N8,VKUyIrGpWQXE,1
2026-01-19 01:22:59,1768785779680,www.soulprintengine.ai/dashboard/settings,GET,_rsc=hb77t,200,s7xtk-1768785779680-ce9447de12db,"Mozilla/5.0 (Windows NT 10.0; Win64; x64) AppleWebKit/537.36 (KHTML, like Gecko) Chrome/143.0.0.0 Safari/537.36",,production,main,MISS,middleware,middleware,www.soulprintengine.ai,soulprint-landing-iq3yni1x4-a55ets-projects.vercel.app,dpl_Ad8VnL9BSBPTEEQpvjGzn5sESA9n,288,iad1,110,2048,,prj_0yEqZoYLeoFxe4GwUIxHZhtEU6iA,,,01KF9XJ60WA2JGDEQ5T3VFSTYE,lHZteKTaGrL5,3
2026-01-19 01:22:59,1768785779422,www.soulprintengine.ai/questionnaire/new,GET,_rsc=j0a4x,304,46pnr-1768785779422-6f52e9d9fefa,"Mozilla/5.0 (Windows NT 10.0; Win64; x64) AppleWebKit/537.36 (KHTML, like Gecko) Chrome/143.0.0.0 Safari/537.36",,production,main,HIT,middleware,middleware,www.soulprintengine.ai,soulprint-landing-iq3yni1x4-a55ets-projects.vercel.app,dpl_Ad8VnL9BSBPTEEQpvjGzn5sESA9n,287,iad1,110,2048,,prj_0yEqZoYLeoFxe4GwUIxHZhtEU6iA,,,01KF9XJ60WA2JGDEQ5T3VFSTYE,lHZteKTaGrL5,3
2026-01-19 01:22:59,1768785779422,www.soulprintengine.ai/questionnaire/new,GET,_rsc=j0a4x,304,46pnr-1768785779422-6f52e9d9fefa,"Mozilla/5.0 (Windows NT 10.0; Win64; x64) AppleWebKit/537.36 (KHTML, like Gecko) Chrome/143.0.0.0 Safari/537.36",,production,main,HIT,static,/questionnaire/new.segments/_tree.segment,www.soulprintengine.ai,soulprint-landing-iq3yni1x4-a55ets-projects.vercel.app,dpl_Ad8VnL9BSBPTEEQpvjGzn5sESA9n,,cle1,,,,prj_0yEqZoYLeoFxe4GwUIxHZhtEU6iA,,,,,
2026-01-19 01:22:59,1768785779368,www.soulprintengine.ai/dashboard/chat,POST,,200,qns8h-1768785779368-d5fbed2f4c21,"Mozilla/5.0 (Windows NT 10.0; Win64; x64) AppleWebKit/537.36 (KHTML, like Gecko) Chrome/143.0.0.0 Safari/537.36",,production,main,MISS,serverless,/dashboard/chat,www.soulprintengine.ai,soulprint-landing-iq3yni1x4-a55ets-projects.vercel.app,dpl_Ad8VnL9BSBPTEEQpvjGzn5sESA9n,17,iad1,278,2048,,prj_0yEqZoYLeoFxe4GwUIxHZhtEU6iA,,,01KF9XJ70T9MSXHM1BPHWNJNN6,VKUyIrGpWQXE,1
2026-01-19 01:22:59,1768785779368,www.soulprintengine.ai/dashboard/chat,POST,,200,qns8h-1768785779368-d5fbed2f4c21,"Mozilla/5.0 (Windows NT 10.0; Win64; x64) AppleWebKit/537.36 (KHTML, like Gecko) Chrome/143.0.0.0 Safari/537.36",,production,main,MISS,middleware,middleware,www.soulprintengine.ai,soulprint-landing-iq3yni1x4-a55ets-projects.vercel.app,dpl_Ad8VnL9BSBPTEEQpvjGzn5sESA9n,336,iad1,110,2048,,prj_0yEqZoYLeoFxe4GwUIxHZhtEU6iA,,,01KF9XJ60WA2JGDEQ5T3VFSTYE,lHZteKTaGrL5,3
2026-01-19 01:22:59,1768785779292,www.soulprintengine.ai/dashboard/chat,GET,_rsc=j0a4x,200,s7xtk-1768785779292-d5746587c326,"Mozilla/5.0 (Windows NT 10.0; Win64; x64) AppleWebKit/537.36 (KHTML, like Gecko) Chrome/143.0.0.0 Safari/537.36",,production,main,MISS,middleware,middleware,www.soulprintengine.ai,soulprint-landing-iq3yni1x4-a55ets-projects.vercel.app,dpl_Ad8VnL9BSBPTEEQpvjGzn5sESA9n,274,iad1,110,2048,,prj_0yEqZoYLeoFxe4GwUIxHZhtEU6iA,,,01KF9XJ60WA2JGDEQ5T3VFSTYE,lHZteKTaGrL5,3
2026-01-19 01:22:59,1768785779292,www.soulprintengine.ai/dashboard/chat,GET,_rsc=j0a4x,200,s7xtk-1768785779292-d5746587c326,"Mozilla/5.0 (Windows NT 10.0; Win64; x64) AppleWebKit/537.36 (KHTML, like Gecko) Chrome/143.0.0.0 Safari/537.36",,production,main,MISS,serverless,/dashboard/chat.rsc,www.soulprintengine.ai,soulprint-landing-iq3yni1x4-a55ets-projects.vercel.app,dpl_Ad8VnL9BSBPTEEQpvjGzn5sESA9n,11,iad1,278,2048,,prj_0yEqZoYLeoFxe4GwUIxHZhtEU6iA,,,01KF9XJ6WKDR3FK1XR9J6ESPED,VKUyIrGpWQXE,1
2026-01-19 01:22:58,1768785778733,www.soulprintengine.ai/dashboard/profile,GET,_rsc=j0a4x,200,x88tq-1768785778733-727dbe1f0ae3,"Mozilla/5.0 (Windows NT 10.0; Win64; x64) AppleWebKit/537.36 (KHTML, like Gecko) Chrome/143.0.0.0 Safari/537.36",,production,main,MISS,middleware,middleware,www.soulprintengine.ai,soulprint-landing-iq3yni1x4-a55ets-projects.vercel.app,dpl_Ad8VnL9BSBPTEEQpvjGzn5sESA9n,454,iad1,104,2048,,prj_0yEqZoYLeoFxe4GwUIxHZhtEU6iA,,,01KF9XJ60SZ8G76G64PN7AFYM4,V871VOhSjNvO,2
2026-01-19 01:22:58,1768785778733,www.soulprintengine.ai/dashboard/profile,GET,_rsc=j0a4x,200,x88tq-1768785778733-727dbe1f0ae3,"Mozilla/5.0 (Windows NT 10.0; Win64; x64) AppleWebKit/537.36 (KHTML, like Gecko) Chrome/143.0.0.0 Safari/537.36",,production,main,MISS,serverless,/dashboard/profile.rsc,www.soulprintengine.ai,soulprint-landing-iq3yni1x4-a55ets-projects.vercel.app,dpl_Ad8VnL9BSBPTEEQpvjGzn5sESA9n,20,iad1,276,2048,,prj_0yEqZoYLeoFxe4GwUIxHZhtEU6iA,,,01KF9XJ69NG34A4EGE2HGBKTJV,VKUyIrGpWQXE,2
2026-01-19 01:22:58,1768785778733,www.soulprintengine.ai/dashboard/insights,GET,_rsc=j0a4x,200,vqw9q-1768785778733-88cb6ba67232,"Mozilla/5.0 (Windows NT 10.0; Win64; x64) AppleWebKit/537.36 (KHTML, like Gecko) Chrome/143.0.0.0 Safari/537.36",,production,main,MISS,middleware,middleware,www.soulprintengine.ai,soulprint-landing-iq3yni1x4-a55ets-projects.vercel.app,dpl_Ad8VnL9BSBPTEEQpvjGzn5sESA9n,896,iad1,146,2048,,prj_0yEqZoYLeoFxe4GwUIxHZhtEU6iA,,,01KF9XJ61SWFDYJPY0S8XM89HV,yoUJf6C8Ahzy,1
2026-01-19 01:22:58,1768785778733,www.soulprintengine.ai/dashboard/insights,GET,_rsc=j0a4x,200,vqw9q-1768785778733-88cb6ba67232,"Mozilla/5.0 (Windows NT 10.0; Win64; x64) AppleWebKit/537.36 (KHTML, like Gecko) Chrome/143.0.0.0 Safari/537.36",,production,main,MISS,serverless,/dashboard/insights.rsc,www.soulprintengine.ai,soulprint-landing-iq3yni1x4-a55ets-projects.vercel.app,dpl_Ad8VnL9BSBPTEEQpvjGzn5sESA9n,20,iad1,279,2048,,prj_0yEqZoYLeoFxe4GwUIxHZhtEU6iA,,,01KF9XJ73W36S9W6NVMMG1H2J2,VKUyIrGpWQXE,1
2026-01-19 01:22:58,1768785778706,www.soulprintengine.ai/dashboard/bot,GET,_rsc=j0a4x,200,xs5v8-1768785778706-2763966d8213,"Mozilla/5.0 (Windows NT 10.0; Win64; x64) AppleWebKit/537.36 (KHTML, like Gecko) Chrome/143.0.0.0 Safari/537.36",,production,main,MISS,serverless,/dashboard/bot.rsc,www.soulprintengine.ai,soulprint-landing-iq3yni1x4-a55ets-projects.vercel.app,dpl_Ad8VnL9BSBPTEEQpvjGzn5sESA9n,43,iad1,283,2048,,prj_0yEqZoYLeoFxe4GwUIxHZhtEU6iA,,,01KF9XJ7B9KMBF4VP3F2A2JH9W,VKUyIrGpWQXE,1
2026-01-19 01:22:58,1768785778706,www.soulprintengine.ai/dashboard/bot,GET,_rsc=j0a4x,200,xs5v8-1768785778706-2763966d8213,"Mozilla/5.0 (Windows NT 10.0; Win64; x64) AppleWebKit/537.36 (KHTML, like Gecko) Chrome/143.0.0.0 Safari/537.36",,production,main,MISS,middleware,middleware,www.soulprintengine.ai,soulprint-landing-iq3yni1x4-a55ets-projects.vercel.app,dpl_Ad8VnL9BSBPTEEQpvjGzn5sESA9n,596,iad1,148,2048,,prj_0yEqZoYLeoFxe4GwUIxHZhtEU6iA,,,01KF9XJ6147CYB4595KH2Y52JK,XfJhtORU5k3K,2
2026-01-19 01:22:58,1768785778704,www.soulprintengine.ai/dashboard/settings,GET,_rsc=j0a4x,200,46pnr-1768785778704-8b5d574604c7,"Mozilla/5.0 (Windows NT 10.0; Win64; x64) AppleWebKit/537.36 (KHTML, like Gecko) Chrome/143.0.0.0 Safari/537.36",,production,main,MISS,serverless,/dashboard/settings.rsc,www.soulprintengine.ai,soulprint-landing-iq3yni1x4-a55ets-projects.vercel.app,dpl_Ad8VnL9BSBPTEEQpvjGzn5sESA9n,21,iad1,276,2048,,prj_0yEqZoYLeoFxe4GwUIxHZhtEU6iA,,,01KF9XJ6M27BHRBZ8ZACDTBRMT,VKUyIrGpWQXE,1
2026-01-19 01:22:58,1768785778704,www.soulprintengine.ai/dashboard/settings,GET,_rsc=j0a4x,200,46pnr-1768785778704-8b5d574604c7,"Mozilla/5.0 (Windows NT 10.0; Win64; x64) AppleWebKit/537.36 (KHTML, like Gecko) Chrome/143.0.0.0 Safari/537.36",,production,main,MISS,middleware,middleware,www.soulprintengine.ai,soulprint-landing-iq3yni1x4-a55ets-projects.vercel.app,dpl_Ad8VnL9BSBPTEEQpvjGzn5sESA9n,571,iad1,147,2048,,prj_0yEqZoYLeoFxe4GwUIxHZhtEU6iA,,,01KF9XJ60WA2JGDEQ5T3VFSTYE,lHZteKTaGrL5,2
2026-01-19 01:22:58,1768785778701,www.soulprintengine.ai/dashboard/chat,POST,,200,qns8h-1768785778701-111c43983c85,"Mozilla/5.0 (Windows NT 10.0; Win64; x64) AppleWebKit/537.36 (KHTML, like Gecko) Chrome/143.0.0.0 Safari/537.36",,production,main,MISS,middleware,middleware,www.soulprintengine.ai,soulprint-landing-iq3yni1x4-a55ets-projects.vercel.app,dpl_Ad8VnL9BSBPTEEQpvjGzn5sESA9n,249,iad1,146,2048,,prj_0yEqZoYLeoFxe4GwUIxHZhtEU6iA,,,01KF9XJ60SZ8G76G64PN7AFYM4,V871VOhSjNvO,2
2026-01-19 01:22:58,1768785778701,www.soulprintengine.ai/dashboard/chat,POST,,200,qns8h-1768785778701-111c43983c85,"Mozilla/5.0 (Windows NT 10.0; Win64; x64) AppleWebKit/537.36 (KHTML, like Gecko) Chrome/143.0.0.0 Safari/537.36",,production,main,MISS,serverless,/dashboard/chat,www.soulprintengine.ai,soulprint-landing-iq3yni1x4-a55ets-projects.vercel.app,dpl_Ad8VnL9BSBPTEEQpvjGzn5sESA9n,308,iad1,276,2048,,prj_0yEqZoYLeoFxe4GwUIxHZhtEU6iA,,,01KF9XJ69NG34A4EGE2HGBKTJV,VKUyIrGpWQXE,2
2026-01-19 01:22:56,1768785776360,www.soulprintengine.ai/dashboard/chat,GET,,200,x88tq-1768785776360-ae8eff8715ee,"Mozilla/5.0 (Windows NT 10.0; Win64; x64) AppleWebKit/537.36 (KHTML, like Gecko) Chrome/143.0.0.0 Safari/537.36",,production,main,MISS,middleware,middleware,www.soulprintengine.ai,soulprint-landing-iq3yni1x4-a55ets-projects.vercel.app,dpl_Ad8VnL9BSBPTEEQpvjGzn5sESA9n,412,iad1,146,2048,,prj_0yEqZoYLeoFxe4GwUIxHZhtEU6iA,,,01KF9XJ3QKQB4P16NWHKB9QBWW,V871VOhSjNvO,1
2026-01-19 01:22:56,1768785776360,www.soulprintengine.ai/dashboard/chat,GET,,200,x88tq-1768785776360-ae8eff8715ee,"Mozilla/5.0 (Windows NT 10.0; Win64; x64) AppleWebKit/537.36 (KHTML, like Gecko) Chrome/143.0.0.0 Safari/537.36",,production,main,MISS,serverless,/dashboard/chat,www.soulprintengine.ai,soulprint-landing-iq3yni1x4-a55ets-projects.vercel.app,dpl_Ad8VnL9BSBPTEEQpvjGzn5sESA9n,924,iad1,276,2048,,prj_0yEqZoYLeoFxe4GwUIxHZhtEU6iA,,,01KF9XJ47N1G52T80SB2B29B3F,VKUyIrGpWQXE,1
2026-01-19 01:22:55,1768785775665,www.soulprintengine.ai/,GET,,307,x88tq-1768785775665-695e1795a914,"Mozilla/5.0 (Windows NT 10.0; Win64; x64) AppleWebKit/537.36 (KHTML, like Gecko) Chrome/143.0.0.0 Safari/537.36",,production,main,,middleware,middleware,www.soulprintengine.ai,soulprint-landing-iq3yni1x4-a55ets-projects.vercel.app,dpl_Ad8VnL9BSBPTEEQpvjGzn5sESA9n,609,iad1,146,2048,,prj_0yEqZoYLeoFxe4GwUIxHZhtEU6iA,,,01KF9XJ324ZBFZYPF6GSJ73QFB,V871VOhSjNvO,1
2026-01-19 01:22:55,1768785775665,www.soulprintengine.ai/,GET,,307,x88tq-1768785775665-695e1795a914,"Mozilla/5.0 (Windows NT 10.0; Win64; x64) AppleWebKit/537.36 (KHTML, like Gecko) Chrome/143.0.0.0 Safari/537.36",,production,main,,redirect,/,www.soulprintengine.ai,soulprint-landing-iq3yni1x4-a55ets-projects.vercel.app,dpl_Ad8VnL9BSBPTEEQpvjGzn5sESA9n,652,cle1,,,,prj_0yEqZoYLeoFxe4GwUIxHZhtEU6iA,,,,,
2026-01-19 01:12:30,1768785150263,www.soulprintengine.ai/dashboard/chat,POST,,200,4nghp-1768785150263-ec898217f898,"Mozilla/5.0 (Windows NT 10.0; Win64; x64) AppleWebKit/537.36 (KHTML, like Gecko) Chrome/143.0.0.0 Safari/537.36",,production,main,MISS,middleware,middleware,www.soulprintengine.ai,soulprint-landing-iq3yni1x4-a55ets-projects.vercel.app,dpl_Ad8VnL9BSBPTEEQpvjGzn5sESA9n,280,iad1,148,2048,,prj_0yEqZoYLeoFxe4GwUIxHZhtEU6iA,,,01KF9WZ0A28BNPNQ17DV5W7EFR,0CcdN9tRfGq9,1
2026-01-19 01:12:30,1768785150263,www.soulprintengine.ai/dashboard/chat,POST,,200,4nghp-1768785150263-ec898217f898,"Mozilla/5.0 (Windows NT 10.0; Win64; x64) AppleWebKit/537.36 (KHTML, like Gecko) Chrome/143.0.0.0 Safari/537.36",,production,main,MISS,serverless,/dashboard/chat,www.soulprintengine.ai,soulprint-landing-iq3yni1x4-a55ets-projects.vercel.app,dpl_Ad8VnL9BSBPTEEQpvjGzn5sESA9n,301,iad1,288,2048,,prj_0yEqZoYLeoFxe4GwUIxHZhtEU6iA,,,01KF9WZ0KSZQPETJHZRG9FF3GV,igj7B6Qjnfmz,1
2026-01-19 01:12:29,1768785149349,www.soulprintengine.ai/dashboard/chat,POST,,200,6f6sf-1768785149349-fe3d8ea12409,"Mozilla/5.0 (Windows NT 10.0; Win64; x64) AppleWebKit/537.36 (KHTML, like Gecko) Chrome/143.0.0.0 Safari/537.36",,production,main,MISS,serverless,/dashboard/chat,www.soulprintengine.ai,soulprint-landing-iq3yni1x4-a55ets-projects.vercel.app,dpl_Ad8VnL9BSBPTEEQpvjGzn5sESA9n,552,iad1,287,2048,,prj_0yEqZoYLeoFxe4GwUIxHZhtEU6iA,,,01KF9WYZPQFH40SH98VENC3G4Q,igj7B6Qjnfmz,1
2026-01-19 01:12:29,1768785149349,www.soulprintengine.ai/dashboard/chat,POST,,200,6f6sf-1768785149349-fe3d8ea12409,"Mozilla/5.0 (Windows NT 10.0; Win64; x64) AppleWebKit/537.36 (KHTML, like Gecko) Chrome/143.0.0.0 Safari/537.36",,production,main,MISS,middleware,middleware,www.soulprintengine.ai,soulprint-landing-iq3yni1x4-a55ets-projects.vercel.app,dpl_Ad8VnL9BSBPTEEQpvjGzn5sESA9n,273,iad1,110,2048,,prj_0yEqZoYLeoFxe4GwUIxHZhtEU6iA,,,01KF9WYYRZ95GP0J17NE26T80G,0CcdN9tRfGq9,2
2026-01-19 01:12:29,1768785149047,www.soulprintengine.ai/questionnaire/new,GET,_rsc=uriwz,304,jr99s-1768785149047-7e3ddaeb183d,"Mozilla/5.0 (Windows NT 10.0; Win64; x64) AppleWebKit/537.36 (KHTML, like Gecko) Chrome/143.0.0.0 Safari/537.36",,production,main,HIT,middleware,middleware,www.soulprintengine.ai,soulprint-landing-iq3yni1x4-a55ets-projects.vercel.app,dpl_Ad8VnL9BSBPTEEQpvjGzn5sESA9n,291,iad1,113,2048,,prj_0yEqZoYLeoFxe4GwUIxHZhtEU6iA,,,01KF9WYWZYXNEPACK1190N2DV9,RsPShNZUQaDL,3
2026-01-19 01:12:29,1768785149047,www.soulprintengine.ai/questionnaire/new,GET,_rsc=uriwz,304,jr99s-1768785149047-7e3ddaeb183d,"Mozilla/5.0 (Windows NT 10.0; Win64; x64) AppleWebKit/537.36 (KHTML, like Gecko) Chrome/143.0.0.0 Safari/537.36",,production,main,HIT,static,/questionnaire/new.segments/questionnaire/new/__PAGE__.segment,www.soulprintengine.ai,soulprint-landing-iq3yni1x4-a55ets-projects.vercel.app,dpl_Ad8VnL9BSBPTEEQpvjGzn5sESA9n,,cle1,,,,prj_0yEqZoYLeoFxe4GwUIxHZhtEU6iA,,,,,
2026-01-19 01:12:28,1768785148955,www.soulprintengine.ai/questionnaire/new,GET,_rsc=onv2t,304,2w4qc-1768785148955-64fc211de610,"Mozilla/5.0 (Windows NT 10.0; Win64; x64) AppleWebKit/537.36 (KHTML, like Gecko) Chrome/143.0.0.0 Safari/537.36",,production,main,HIT,middleware,middleware,www.soulprintengine.ai,soulprint-landing-iq3yni1x4-a55ets-projects.vercel.app,dpl_Ad8VnL9BSBPTEEQpvjGzn5sESA9n,304,iad1,113,2048,,prj_0yEqZoYLeoFxe4GwUIxHZhtEU6iA,,,01KF9WYWZYXNEPACK1190N2DV9,RsPShNZUQaDL,3
2026-01-19 01:12:28,1768785148955,www.soulprintengine.ai/questionnaire/new,GET,_rsc=onv2t,304,2w4qc-1768785148955-64fc211de610,"Mozilla/5.0 (Windows NT 10.0; Win64; x64) AppleWebKit/537.36 (KHTML, like Gecko) Chrome/143.0.0.0 Safari/537.36",,production,main,HIT,static,/questionnaire/new.segments/questionnaire/new.segment,www.soulprintengine.ai,soulprint-landing-iq3yni1x4-a55ets-projects.vercel.app,dpl_Ad8VnL9BSBPTEEQpvjGzn5sESA9n,,cle1,,,,prj_0yEqZoYLeoFxe4GwUIxHZhtEU6iA,,,,,
2026-01-19 01:12:28,1768785148890,www.soulprintengine.ai/questionnaire/new,GET,_rsc=1eu3n,304,l8tdj-1768785148890-0beda20cc6f2,"Mozilla/5.0 (Windows NT 10.0; Win64; x64) AppleWebKit/537.36 (KHTML, like Gecko) Chrome/143.0.0.0 Safari/537.36",,production,main,HIT,middleware,middleware,www.soulprintengine.ai,soulprint-landing-iq3yni1x4-a55ets-projects.vercel.app,dpl_Ad8VnL9BSBPTEEQpvjGzn5sESA9n,476,iad1,110,2048,,prj_0yEqZoYLeoFxe4GwUIxHZhtEU6iA,,,01KF9WYYRZ95GP0J17NE26T80G,0CcdN9tRfGq9,2
2026-01-19 01:12:28,1768785148890,www.soulprintengine.ai/questionnaire/new,GET,_rsc=1eu3n,304,l8tdj-1768785148890-0beda20cc6f2,"Mozilla/5.0 (Windows NT 10.0; Win64; x64) AppleWebKit/537.36 (KHTML, like Gecko) Chrome/143.0.0.0 Safari/537.36",,production,main,HIT,static,/questionnaire/new.segments/questionnaire.segment,www.soulprintengine.ai,soulprint-landing-iq3yni1x4-a55ets-projects.vercel.app,dpl_Ad8VnL9BSBPTEEQpvjGzn5sESA9n,,cle1,,,,prj_0yEqZoYLeoFxe4GwUIxHZhtEU6iA,,,,,
2026-01-19 01:12:28,1768785148692,www.soulprintengine.ai/questionnaire/new,GET,_rsc=1h3a7,304,5h4bf-1768785148692-f48ba790ae0a,"Mozilla/5.0 (Windows NT 10.0; Win64; x64) AppleWebKit/537.36 (KHTML, like Gecko) Chrome/143.0.0.0 Safari/537.36",,production,main,HIT,middleware,middleware,www.soulprintengine.ai,soulprint-landing-iq3yni1x4-a55ets-projects.vercel.app,dpl_Ad8VnL9BSBPTEEQpvjGzn5sESA9n,433,iad1,146,2048,,prj_0yEqZoYLeoFxe4GwUIxHZhtEU6iA,,,01KF9WYYRZ95GP0J17NBWYXVJN,V871VOhSjNvO,1
2026-01-19 01:12:28,1768785148692,www.soulprintengine.ai/questionnaire/new,GET,_rsc=1h3a7,304,5h4bf-1768785148692-f48ba790ae0a,"Mozilla/5.0 (Windows NT 10.0; Win64; x64) AppleWebKit/537.36 (KHTML, like Gecko) Chrome/143.0.0.0 Safari/537.36",,production,main,HIT,static,/questionnaire/new.segments/_index.segment,www.soulprintengine.ai,soulprint-landing-iq3yni1x4-a55ets-projects.vercel.app,dpl_Ad8VnL9BSBPTEEQpvjGzn5sESA9n,,cle1,,,,prj_0yEqZoYLeoFxe4GwUIxHZhtEU6iA,,,,,
2026-01-19 01:12:28,1768785148691,www.soulprintengine.ai/questionnaire/new,GET,_rsc=1rmgn,304,2kl8p-1768785148691-c5283c749597,"Mozilla/5.0 (Windows NT 10.0; Win64; x64) AppleWebKit/537.36 (KHTML, like Gecko) Chrome/143.0.0.0 Safari/537.36",,production,main,HIT,middleware,middleware,www.soulprintengine.ai,soulprint-landing-iq3yni1x4-a55ets-projects.vercel.app,dpl_Ad8VnL9BSBPTEEQpvjGzn5sESA9n,280,iad1,148,2048,,prj_0yEqZoYLeoFxe4GwUIxHZhtEU6iA,,,01KF9WYYRZ95GP0J17NE26T80G,0CcdN9tRfGq9,2
2026-01-19 01:12:28,1768785148691,www.soulprintengine.ai/questionnaire/new,GET,_rsc=1rmgn,304,2kl8p-1768785148691-c5283c749597,"Mozilla/5.0 (Windows NT 10.0; Win64; x64) AppleWebKit/537.36 (KHTML, like Gecko) Chrome/143.0.0.0 Safari/537.36",,production,main,HIT,static,/questionnaire/new.segments/_head.segment,www.soulprintengine.ai,soulprint-landing-iq3yni1x4-a55ets-projects.vercel.app,dpl_Ad8VnL9BSBPTEEQpvjGzn5sESA9n,,cle1,,,,prj_0yEqZoYLeoFxe4GwUIxHZhtEU6iA,,,,,
2026-01-19 01:12:28,1768785148678,www.soulprintengine.ai/dashboard/chat,POST,,200,4nghp-1768785148678-b154b8a70d97,"Mozilla/5.0 (Windows NT 10.0; Win64; x64) AppleWebKit/537.36 (KHTML, like Gecko) Chrome/143.0.0.0 Safari/537.36",,production,main,MISS,serverless,/dashboard/chat,www.soulprintengine.ai,soulprint-landing-iq3yni1x4-a55ets-projects.vercel.app,dpl_Ad8VnL9BSBPTEEQpvjGzn5sESA9n,10,iad1,283,2048,,prj_0yEqZoYLeoFxe4GwUIxHZhtEU6iA,,,01KF9WYZB23RWJZ8GAJGW6HYDC,igj7B6Qjnfmz,1
2026-01-19 01:12:28,1768785148678,www.soulprintengine.ai/dashboard/chat,POST,,200,4nghp-1768785148678-b154b8a70d97,"Mozilla/5.0 (Windows NT 10.0; Win64; x64) AppleWebKit/537.36 (KHTML, like Gecko) Chrome/143.0.0.0 Safari/537.36",,production,main,MISS,middleware,middleware,www.soulprintengine.ai,soulprint-landing-iq3yni1x4-a55ets-projects.vercel.app,dpl_Ad8VnL9BSBPTEEQpvjGzn5sESA9n,513,iad1,113,2048,,prj_0yEqZoYLeoFxe4GwUIxHZhtEU6iA,,,01KF9WYWZYXNEPACK1190N2DV9,RsPShNZUQaDL,3
2026-01-19 01:12:28,1768785148568,www.soulprintengine.ai/dashboard/chat,GET,_rsc=hb77t,200,2w4qc-1768785148568-ee8f791bfc46,"Mozilla/5.0 (Windows NT 10.0; Win64; x64) AppleWebKit/537.36 (KHTML, like Gecko) Chrome/143.0.0.0 Safari/537.36",,production,main,MISS,middleware,middleware,www.soulprintengine.ai,soulprint-landing-iq3yni1x4-a55ets-projects.vercel.app,dpl_Ad8VnL9BSBPTEEQpvjGzn5sESA9n,285,iad1,113,2048,,prj_0yEqZoYLeoFxe4GwUIxHZhtEU6iA,,,01KF9WYWZYXNEPACK1190N2DV9,RsPShNZUQaDL,4
2026-01-19 01:12:28,1768785148568,www.soulprintengine.ai/dashboard/chat,GET,_rsc=hb77t,200,2w4qc-1768785148568-ee8f791bfc46,"Mozilla/5.0 (Windows NT 10.0; Win64; x64) AppleWebKit/537.36 (KHTML, like Gecko) Chrome/143.0.0.0 Safari/537.36",,production,main,MISS,serverless,/dashboard/chat.rsc,www.soulprintengine.ai,soulprint-landing-iq3yni1x4-a55ets-projects.vercel.app,dpl_Ad8VnL9BSBPTEEQpvjGzn5sESA9n,10,iad1,283,2048,,prj_0yEqZoYLeoFxe4GwUIxHZhtEU6iA,,,01KF9WYYYPJY7KE2QVXK3GGA58,igj7B6Qjnfmz,1
2026-01-19 01:12:28,1768785148251,www.soulprintengine.ai/dashboard/insights,GET,_rsc=hb77t,200,jr99s-1768785148251-373ad5d7f5b8,"Mozilla/5.0 (Windows NT 10.0; Win64; x64) AppleWebKit/537.36 (KHTML, like Gecko) Chrome/143.0.0.0 Safari/537.36",,production,main,MISS,serverless,/dashboard/insights.rsc,www.soulprintengine.ai,soulprint-landing-iq3yni1x4-a55ets-projects.vercel.app,dpl_Ad8VnL9BSBPTEEQpvjGzn5sESA9n,12,iad1,283,2048,,prj_0yEqZoYLeoFxe4GwUIxHZhtEU6iA,,,01KF9WYYWETN3CR5WZ4WCA9CN9,igj7B6Qjnfmz,1
2026-01-19 01:12:28,1768785148251,www.soulprintengine.ai/dashboard/insights,GET,_rsc=hb77t,200,jr99s-1768785148251-373ad5d7f5b8,"Mozilla/5.0 (Windows NT 10.0; Win64; x64) AppleWebKit/537.36 (KHTML, like Gecko) Chrome/143.0.0.0 Safari/537.36",,production,main,MISS,middleware,middleware,www.soulprintengine.ai,soulprint-landing-iq3yni1x4-a55ets-projects.vercel.app,dpl_Ad8VnL9BSBPTEEQpvjGzn5sESA9n,531,iad1,113,2048,,prj_0yEqZoYLeoFxe4GwUIxHZhtEU6iA,,,01KF9WYWZYXNEPACK1190N2DV9,RsPShNZUQaDL,4
2026-01-19 01:12:28,1768785148185,www.soulprintengine.ai/dashboard/profile,GET,_rsc=hb77t,200,8dq6z-1768785148185-f869931e8638,"Mozilla/5.0 (Windows NT 10.0; Win64; x64) AppleWebKit/537.36 (KHTML, like Gecko) Chrome/143.0.0.0 Safari/537.36",,production,main,MISS,serverless,/dashboard/profile.rsc,www.soulprintengine.ai,soulprint-landing-iq3yni1x4-a55ets-projects.vercel.app,dpl_Ad8VnL9BSBPTEEQpvjGzn5sESA9n,11,iad1,281,2048,,prj_0yEqZoYLeoFxe4GwUIxHZhtEU6iA,,,01KF9WYYBF7SBQBQGC2AK9RNHE,igj7B6Qjnfmz,2
2026-01-19 01:12:28,1768785148185,www.soulprintengine.ai/dashboard/profile,GET,_rsc=hb77t,200,8dq6z-1768785148185-f869931e8638,"Mozilla/5.0 (Windows NT 10.0; Win64; x64) AppleWebKit/537.36 (KHTML, like Gecko) Chrome/143.0.0.0 Safari/537.36",,production,main,MISS,middleware,middleware,www.soulprintengine.ai,soulprint-landing-iq3yni1x4-a55ets-projects.vercel.app,dpl_Ad8VnL9BSBPTEEQpvjGzn5sESA9n,281,iad1,148,2048,,prj_0yEqZoYLeoFxe4GwUIxHZhtEU6iA,,,01KF9WYY96S1DTAQJ9Z6VRRM4K,0CcdN9tRfGq9,1
2026-01-19 01:12:28,1768785148012,www.soulprintengine.ai/dashboard/bot,GET,_rsc=hb77t,200,524sj-1768785148012-9b8c49fffd05,"Mozilla/5.0 (Windows NT 10.0; Win64; x64) AppleWebKit/537.36 (KHTML, like Gecko) Chrome/143.0.0.0 Safari/537.36",,production,main,MISS,serverless,/dashboard/bot.rsc,www.soulprintengine.ai,soulprint-landing-iq3yni1x4-a55ets-projects.vercel.app,dpl_Ad8VnL9BSBPTEEQpvjGzn5sESA9n,16,iad1,282,2048,,prj_0yEqZoYLeoFxe4GwUIxHZhtEU6iA,,,01KF9WYYBF7SBQBQGC2AK9RNHE,igj7B6Qjnfmz,2
2026-01-19 01:12:28,1768785148012,www.soulprintengine.ai/dashboard/bot,GET,_rsc=hb77t,200,524sj-1768785148012-9b8c49fffd05,"Mozilla/5.0 (Windows NT 10.0; Win64; x64) AppleWebKit/537.36 (KHTML, like Gecko) Chrome/143.0.0.0 Safari/537.36",,production,main,MISS,middleware,middleware,www.soulprintengine.ai,soulprint-landing-iq3yni1x4-a55ets-projects.vercel.app,dpl_Ad8VnL9BSBPTEEQpvjGzn5sESA9n,584,iad1,113,2048,,prj_0yEqZoYLeoFxe4GwUIxHZhtEU6iA,,,01KF9WYWZYXNEPACK1190N2DV9,RsPShNZUQaDL,4
2026-01-19 01:12:27,1768785147969,www.soulprintengine.ai/dashboard/settings,GET,_rsc=hb77t,200,s79kb-1768785147969-7245e1216aef,"Mozilla/5.0 (Windows NT 10.0; Win64; x64) AppleWebKit/537.36 (KHTML, like Gecko) Chrome/143.0.0.0 Safari/537.36",,production,main,MISS,serverless,/dashboard/settings.rsc,www.soulprintengine.ai,soulprint-landing-iq3yni1x4-a55ets-projects.vercel.app,dpl_Ad8VnL9BSBPTEEQpvjGzn5sESA9n,12,iad1,282,2048,,prj_0yEqZoYLeoFxe4GwUIxHZhtEU6iA,,,01KF9WYYRRBN81CD2WH8MRN58D,igj7B6Qjnfmz,1
2026-01-19 01:12:27,1768785147969,www.soulprintengine.ai/dashboard/settings,GET,_rsc=hb77t,200,s79kb-1768785147969-7245e1216aef,"Mozilla/5.0 (Windows NT 10.0; Win64; x64) AppleWebKit/537.36 (KHTML, like Gecko) Chrome/143.0.0.0 Safari/537.36",,production,main,MISS,middleware,middleware,www.soulprintengine.ai,soulprint-landing-iq3yni1x4-a55ets-projects.vercel.app,dpl_Ad8VnL9BSBPTEEQpvjGzn5sESA9n,689,iad1,113,2048,,prj_0yEqZoYLeoFxe4GwUIxHZhtEU6iA,,,01KF9WYWZYXNEPACK1190N2DV9,RsPShNZUQaDL,4
2026-01-19 01:12:27,1768785147643,www.soulprintengine.ai/questionnaire/new,GET,_rsc=j0a4x,304,j2pfz-1768785147643-24b41e49533f,"Mozilla/5.0 (Windows NT 10.0; Win64; x64) AppleWebKit/537.36 (KHTML, like Gecko) Chrome/143.0.0.0 Safari/537.36",,production,main,HIT,middleware,middleware,www.soulprintengine.ai,soulprint-landing-iq3yni1x4-a55ets-projects.vercel.app,dpl_Ad8VnL9BSBPTEEQpvjGzn5sESA9n,252,iad1,147,2048,,prj_0yEqZoYLeoFxe4GwUIxHZhtEU6iA,,,01KF9WYXR5SJSGTFCZK08KY0NR,lHZteKTaGrL5,1
2026-01-19 01:12:27,1768785147643,www.soulprintengine.ai/questionnaire/new,GET,_rsc=j0a4x,304,j2pfz-1768785147643-24b41e49533f,"Mozilla/5.0 (Windows NT 10.0; Win64; x64) AppleWebKit/537.36 (KHTML, like Gecko) Chrome/143.0.0.0 Safari/537.36",,production,main,HIT,static,/questionnaire/new.segments/_tree.segment,www.soulprintengine.ai,soulprint-landing-iq3yni1x4-a55ets-projects.vercel.app,dpl_Ad8VnL9BSBPTEEQpvjGzn5sESA9n,,cle1,,,,prj_0yEqZoYLeoFxe4GwUIxHZhtEU6iA,,,,,
2026-01-19 01:12:27,1768785147259,www.soulprintengine.ai/dashboard/chat,GET,_rsc=j0a4x,200,j2pfz-1768785147259-03499964e246,"Mozilla/5.0 (Windows NT 10.0; Win64; x64) AppleWebKit/537.36 (KHTML, like Gecko) Chrome/143.0.0.0 Safari/537.36",,production,main,MISS,serverless,/dashboard/chat.rsc,www.soulprintengine.ai,soulprint-landing-iq3yni1x4-a55ets-projects.vercel.app,dpl_Ad8VnL9BSBPTEEQpvjGzn5sESA9n,14,iad1,274,2048,,prj_0yEqZoYLeoFxe4GwUIxHZhtEU6iA,,,01KF9WYXNCM7A57Y7SZP8CCK69,igj7B6Qjnfmz,1
2026-01-19 01:12:27,1768785147259,www.soulprintengine.ai/dashboard/chat,GET,_rsc=j0a4x,200,j2pfz-1768785147259-03499964e246,"Mozilla/5.0 (Windows NT 10.0; Win64; x64) AppleWebKit/537.36 (KHTML, like Gecko) Chrome/143.0.0.0 Safari/537.36",,production,main,MISS,middleware,middleware,www.soulprintengine.ai,soulprint-landing-iq3yni1x4-a55ets-projects.vercel.app,dpl_Ad8VnL9BSBPTEEQpvjGzn5sESA9n,259,iad1,147,2048,,prj_0yEqZoYLeoFxe4GwUIxHZhtEU6iA,,,01KF9WYXCA73BWRT0APWY3TH13,lHZteKTaGrL5,1
2026-01-19 01:12:26,1768785146877,www.soulprintengine.ai/dashboard/profile,GET,_rsc=j0a4x,200,6f6sf-1768785146877-dee58bb1b651,"Mozilla/5.0 (Windows NT 10.0; Win64; x64) AppleWebKit/537.36 (KHTML, like Gecko) Chrome/143.0.0.0 Safari/537.36",,production,main,MISS,serverless,/dashboard/profile.rsc,www.soulprintengine.ai,soulprint-landing-iq3yni1x4-a55ets-projects.vercel.app,dpl_Ad8VnL9BSBPTEEQpvjGzn5sESA9n,18,iad1,276,2048,,prj_0yEqZoYLeoFxe4GwUIxHZhtEU6iA,,,01KF9WYY6FEQ363MAMSDFST79Q,igj7B6Qjnfmz,1
2026-01-19 01:12:26,1768785146877,www.soulprintengine.ai/dashboard/profile,GET,_rsc=j0a4x,200,6f6sf-1768785146877-dee58bb1b651,"Mozilla/5.0 (Windows NT 10.0; Win64; x64) AppleWebKit/537.36 (KHTML, like Gecko) Chrome/143.0.0.0 Safari/537.36",,production,main,MISS,middleware,middleware,www.soulprintengine.ai,soulprint-landing-iq3yni1x4-a55ets-projects.vercel.app,dpl_Ad8VnL9BSBPTEEQpvjGzn5sESA9n,1063,iad1,146,2048,,prj_0yEqZoYLeoFxe4GwUIxHZhtEU6iA,,,01KF9WYX09T79W4GMF43SH7V9D,V871VOhSjNvO,1
2026-01-19 01:12:26,1768785146877,www.soulprintengine.ai/dashboard/insights,GET,_rsc=j0a4x,200,4nghp-1768785146877-1b61bcea19de,"Mozilla/5.0 (Windows NT 10.0; Win64; x64) AppleWebKit/537.36 (KHTML, like Gecko) Chrome/143.0.0.0 Safari/537.36",,production,main,MISS,serverless,/dashboard/insights.rsc,www.soulprintengine.ai,soulprint-landing-iq3yni1x4-a55ets-projects.vercel.app,dpl_Ad8VnL9BSBPTEEQpvjGzn5sESA9n,20,iad1,277,2048,,prj_0yEqZoYLeoFxe4GwUIxHZhtEU6iA,,,01KF9WYY8CWGAVYS474XZN9QR8,igj7B6Qjnfmz,1
2026-01-19 01:12:26,1768785146877,www.soulprintengine.ai/dashboard/insights,GET,_rsc=j0a4x,200,4nghp-1768785146877-1b61bcea19de,"Mozilla/5.0 (Windows NT 10.0; Win64; x64) AppleWebKit/537.36 (KHTML, like Gecko) Chrome/143.0.0.0 Safari/537.36",,production,main,MISS,middleware,middleware,www.soulprintengine.ai,soulprint-landing-iq3yni1x4-a55ets-projects.vercel.app,dpl_Ad8VnL9BSBPTEEQpvjGzn5sESA9n,1112,iad1,148,2048,,prj_0yEqZoYLeoFxe4GwUIxHZhtEU6iA,,,01KF9WYX08Q82D1222WR0WY0XF,0CcdN9tRfGq9,1
2026-01-19 01:12:26,1768785146876,www.soulprintengine.ai/dashboard/bot,GET,_rsc=j0a4x,200,jj9n2-1768785146876-5121eed632ee,"Mozilla/5.0 (Windows NT 10.0; Win64; x64) AppleWebKit/537.36 (KHTML, like Gecko) Chrome/143.0.0.0 Safari/537.36",,production,main,MISS,serverless,/dashboard/bot.rsc,www.soulprintengine.ai,soulprint-landing-iq3yni1x4-a55ets-projects.vercel.app,dpl_Ad8VnL9BSBPTEEQpvjGzn5sESA9n,41,iad1,275,2048,,prj_0yEqZoYLeoFxe4GwUIxHZhtEU6iA,,,01KF9WYY0EY51C07H1RGJZ97X2,igj7B6Qjnfmz,1
2026-01-19 01:12:26,1768785146876,www.soulprintengine.ai/dashboard/bot,GET,_rsc=j0a4x,200,jj9n2-1768785146876-5121eed632ee,"Mozilla/5.0 (Windows NT 10.0; Win64; x64) AppleWebKit/537.36 (KHTML, like Gecko) Chrome/143.0.0.0 Safari/537.36",,production,main,MISS,middleware,middleware,www.soulprintengine.ai,soulprint-landing-iq3yni1x4-a55ets-projects.vercel.app,dpl_Ad8VnL9BSBPTEEQpvjGzn5sESA9n,873,iad1,148,2048,,prj_0yEqZoYLeoFxe4GwUIxHZhtEU6iA,,,01KF9WYX0APPA95MPBBNJ3CR00,e853fHQ7HMZg,1
2026-01-19 01:12:26,1768785146851,www.soulprintengine.ai/dashboard/settings,GET,_rsc=j0a4x,200,662jm-1768785146851-397b5df2c7ab,"Mozilla/5.0 (Windows NT 10.0; Win64; x64) AppleWebKit/537.36 (KHTML, like Gecko) Chrome/143.0.0.0 Safari/537.36",,production,main,MISS,serverless,/dashboard/settings.rsc,www.soulprintengine.ai,soulprint-landing-iq3yni1x4-a55ets-projects.vercel.app,dpl_Ad8VnL9BSBPTEEQpvjGzn5sESA9n,25,iad1,273,2048,,prj_0yEqZoYLeoFxe4GwUIxHZhtEU6iA,,,01KF9WYX916TS28VA5GX938H0N,igj7B6Qjnfmz,1
2026-01-19 01:12:26,1768785146851,www.soulprintengine.ai/dashboard/settings,GET,_rsc=j0a4x,200,662jm-1768785146851-397b5df2c7ab,"Mozilla/5.0 (Windows NT 10.0; Win64; x64) AppleWebKit/537.36 (KHTML, like Gecko) Chrome/143.0.0.0 Safari/537.36",,production,main,MISS,middleware,middleware,www.soulprintengine.ai,soulprint-landing-iq3yni1x4-a55ets-projects.vercel.app,dpl_Ad8VnL9BSBPTEEQpvjGzn5sESA9n,269,iad1,147,2048,,prj_0yEqZoYLeoFxe4GwUIxHZhtEU6iA,,,01KF9WYWZJK2CMZER1VQ5XCZJ7,lHZteKTaGrL5,1
2026-01-19 01:12:26,1768785146847,www.soulprintengine.ai/dashboard/chat,POST,,200,nps6v-1768785146847-54e270cd1de1,"Mozilla/5.0 (Windows NT 10.0; Win64; x64) AppleWebKit/537.36 (KHTML, like Gecko) Chrome/143.0.0.0 Safari/537.36",,production,main,MISS,serverless,/dashboard/chat,www.soulprintengine.ai,soulprint-landing-iq3yni1x4-a55ets-projects.vercel.app,dpl_Ad8VnL9BSBPTEEQpvjGzn5sESA9n,350,iad1,282,2048,,prj_0yEqZoYLeoFxe4GwUIxHZhtEU6iA,,,01KF9WYYBF7SBQBQGC2AK9RNHE,igj7B6Qjnfmz,2
2026-01-19 01:12:26,1768785146847,www.soulprintengine.ai/dashboard/chat,POST,,200,nps6v-1768785146847-54e270cd1de1,"Mozilla/5.0 (Windows NT 10.0; Win64; x64) AppleWebKit/537.36 (KHTML, like Gecko) Chrome/143.0.0.0 Safari/537.36",,production,main,MISS,middleware,middleware,www.soulprintengine.ai,soulprint-landing-iq3yni1x4-a55ets-projects.vercel.app,dpl_Ad8VnL9BSBPTEEQpvjGzn5sESA9n,724,iad1,150,2048,,prj_0yEqZoYLeoFxe4GwUIxHZhtEU6iA,,,01KF9WYWZYXNEPACK1190N2DV9,RsPShNZUQaDL,3
2026-01-19 01:12:23,1768785143035,www.soulprintengine.ai/dashboard/chat,GET,,200,jr99s-1768785143035-0daf356e9ef8,"Mozilla/5.0 (Windows NT 10.0; Win64; x64) AppleWebKit/537.36 (KHTML, like Gecko) Chrome/143.0.0.0 Safari/537.36",,production,main,MISS,middleware,middleware,www.soulprintengine.ai,soulprint-landing-iq3yni1x4-a55ets-projects.vercel.app,dpl_Ad8VnL9BSBPTEEQpvjGzn5sESA9n,1373,iad1,147,2048,,prj_0yEqZoYLeoFxe4GwUIxHZhtEU6iA,,,01KF9WYS90421MP7WXQZDNTQMC,lHZteKTaGrL5,1
2026-01-19 01:12:23,1768785143035,www.soulprintengine.ai/dashboard/chat,GET,,200,jr99s-1768785143035-0daf356e9ef8,"Mozilla/5.0 (Windows NT 10.0; Win64; x64) AppleWebKit/537.36 (KHTML, like Gecko) Chrome/143.0.0.0 Safari/537.36",,production,main,MISS,serverless,/dashboard/chat,www.soulprintengine.ai,soulprint-landing-iq3yni1x4-a55ets-projects.vercel.app,dpl_Ad8VnL9BSBPTEEQpvjGzn5sESA9n,1144,iad1,276,2048,,prj_0yEqZoYLeoFxe4GwUIxHZhtEU6iA,,,01KF9WYTTV32PMNGVBY0Q2SM4W,igj7B6Qjnfmz,1